modelName,mrp,brand,image
JC1L228M0075,24800,Just Cavalli,https://img.tatacliq.com/images/i8/658Wx734H/MP000000014411853_658Wx734H_202209101737251.jpeg
JC1L168M0055,23000,Just Cavalli,https://cdn.shopify.com/s/files/1/0742/7414/4536/products/22.1_354810c0-4ab0-4b5e-9de3-c08ef0a38bc2.jpg?v=1711790627
JC1L163M0215,23600,Just Cavalli,https://cdn.shopify.com/s/files/1/0742/7414/4536/files/MP000000012146237_1348Wx2000H_202202171826401.jpg?v=1712123878
JC1L189M0075,24900,Just Cavalli,https://cdn.shopify.com/s/files/1/0742/7414/4536/products/39.1_c67a0168-dfd4-4f69-b8d6-c095ef571e59.jpg?v=1711789589
JC1L248M0025,24900,Just Cavalli,https://img.tatacliq.com/images/i9/658Wx734H/MP000000016590870_658Wx734H_202302181737081.jpeg
JC1L230M0045,25500,Just Cavalli,https://cdn.shopify.com/s/files/1/0742/7414/4536/files/MP000000016590874_1316Wx1468H_202302181738041.jpg?v=1712117898
JC1L228M0055,25200,Just Cavalli,https://img.tatacliq.com/images/i8/658Wx734H/MP000000014411849_658Wx734H_202209101737241.jpeg
JC1L226M0035,26100,Just Cavalli,https://cdn.shopify.com/s/files/1/0742/7414/4536/files/MP000000016590869_1316Wx1468H_202302181737081.jpg?v=1711798813
JC1L248M0085,26100,Just Cavalli,https://img.tatacliq.com/images/i9/658Wx734H/MP000000016577473_658Wx734H_202302180305401.jpeg
JC1L209M0045,23600,Just Cavalli,https://cdn.shopify.com/s/files/1/0742/7414/4536/products/44.1_c9653746-c8b4-4771-aa7c-361de12e651e.jpg?v=1711789595
JC1L224M0025,21700,Just Cavalli,https://cdn.shopify.com/s/files/1/0742/7414/4536/files/MP000000014411785_1316Wx1468H_202209101734171.jpg?v=1712039942
JC1L168M0035,22500,Just Cavalli,https://cdn.shopify.com/s/files/1/0742/7414/4536/files/MP000000013788373_1348Wx2000H_202207142126141.jpg?v=1712036441
JC1L226M0055,26100,Just Cavalli,https://cdn.shopify.com/s/files/1/0742/7414/4536/files/MP000000016590863_1316Wx1468H_202302181737141.jpg?v=1712131102
JC1L223M0025,19900,Just Cavalli,https://cdn.shopify.com/s/files/1/0742/7414/4536/files/MP000000016590859_1316Wx1468H_202302181737091.jpg?v=1712044466
JC1L230M0035,25500,Just Cavalli,https://cdn.shopify.com/s/files/1/0742/7414/4536/files/MP000000016590880_1316Wx1468H_202302181738111.jpg?v=1712051809
JC1L226M0045,26300,Just Cavalli,https://cdn.shopify.com/s/files/1/0742/7414/4536/files/MP000000016590858_1316Wx1468H_202302181737121.jpg?v=1712057159
JC1L230M0075,25800,Just Cavalli,https://img.tatacliq.com/images/i9/658Wx734H/MP000000016590878_658Wx734H_202302181738151.jpeg
JC1L209M0055,24900,Just Cavalli,https://cdn.shopify.com/s/files/1/0742/7414/4536/products/45.1_f433eaa5-d35c-4d9b-bdeb-813d0aed88dc.jpg?v=1711789596
JC1L163M0225,23600,Just Cavalli,https://cdn.shopify.com/s/files/1/0742/7414/4536/files/MP000000012245877_1316Wx1468H_202202231210141.jpg?v=1712124833
JC1L228M0085,24900,Just Cavalli,https://img.tatacliq.com/images/i8/658Wx734H/MP000000014411856_658Wx734H_202209101737281.jpeg
JC1L225M0015,17400,Just Cavalli,https://cdn.shopify.com/s/files/1/0742/7414/4536/files/MP000000014411795_1316Wx1468H_202209101734261.jpg?v=1712033214
JC1L189M0015,20400,Just Cavalli,https://cdn.shopify.com/s/files/1/0742/7414/4536/files/MP000000013555741_1316Wx1468H_202206240533261.jpg?v=1712118704
JC1L209M0075,23600,Just Cavalli,https://cdn.shopify.com/s/files/1/0742/7414/4536/files/MP000000012146271_1348Wx2000H_202202171834291.jpg?v=1712048334
JC1L222M0055,23750,Just Cavalli,https://img.tatacliq.com/images/i13/658Wx734H/MP000000018921810_658Wx734H_202308261451051.jpeg
JC1L113M0025,15900,Just Cavalli,https://cdn.shopify.com/s/files/1/0742/7414/4536/products/10.1_c0b38c0e-ef83-4eb6-9965-6fb0408ca0e3.jpg?v=1711789554
JC1L186M0055,19800,Just Cavalli,https://img.tatacliq.com/images/i7/658Wx734H/MP000000010807647_658Wx734H_202110050012241.jpeg
JC1L227M0065,20300,Just Cavalli,https://cdn.shopify.com/s/files/1/0742/7414/4536/files/MP000000016590881_1316Wx1468H_202302181738141.jpg?v=1712048926
JC1L247M0045,21100,Just Cavalli,https://cdn.shopify.com/s/files/1/0742/7414/4536/files/MP000000016577477_1316Wx1468H_202302180305341.jpg?v=1711798698
JC1L247M0035,20100,Just Cavalli,https://cdn.shopify.com/s/files/1/0742/7414/4536/files/MP000000016612026_1348Wx2000H_202302211324291.jpg?v=1712037892
JC1L264M0035,22750,Just Cavalli,https://img.tatacliq.com/images/i13/658Wx734H/MP000000018921833_658Wx734H_202308261454071.jpeg
JC1L225M0085,21500,Just Cavalli,https://cdn.shopify.com/s/files/1/0742/7414/4536/files/MP000000015315028_1316Wx1468H_202211170415201.jpg?v=1712120085
JC1L226M0065,26300,Just Cavalli,https://cdn.shopify.com/s/files/1/0742/7414/4536/files/MP000000016590871_1316Wx1468H_202302181737131.jpg?v=1712044106
JC1L251M0025,21250,Just Cavalli,https://cdn.shopify.com/s/files/1/0742/7414/4536/files/MP000000016577467_1316Wx1468H_202302180305381.jpg?v=1712059523
JC1L163M0245,23600,Just Cavalli,https://cdn.shopify.com/s/files/1/0742/7414/4536/files/MP000000012146245_1348Wx2000H_202202171829181.jpg?v=1712125962
JC1L186M0025,18900,Just Cavalli,https://img.tatacliq.com/images/i7/658Wx734H/MP000000010807686_658Wx734H_202110050019441.jpeg
JC1L248M0035,25200,Just Cavalli,https://img.tatacliq.com/images/i9/658Wx734H/MP000000016577474_658Wx734H_202302180305341.jpeg
JC1L271M0035,26750,Just Cavalli,https://cdn.shopify.com/s/files/1/0742/7414/4536/files/MP000000018989984_1348Wx2000H_202308310135181.jpg?v=1712036015
JC1L193M0015,21500,Just Cavalli,https://cdn.shopify.com/s/files/1/0742/7414/4536/files/MP000000014411772_1316Wx1468H_202209101733241.jpg?v=1712042761
JC1L208M0055,19900,Just Cavalli,https://cdn.shopify.com/s/files/1/0742/7414/4536/products/42.1_bbf8a79e-2509-4c70-b7b7-3a77da6048e4.jpg?v=1711789640
JC1L184M0025,22800,Just Cavalli,https://cdn.shopify.com/s/files/1/0742/7414/4536/products/27.1_63620424-a242-416b-bf30-54aa0ccb326a.jpg?v=1711789672
JC1L186M0065,19800,Just Cavalli,https://cdn.shopify.com/s/files/1/0742/7414/4536/files/MP000000011021716_1348Wx2000H_202110271811151.jpg?v=1712062601
JC1L228M0035,24800,Just Cavalli,https://img.tatacliq.com/images/i8/658Wx734H/MP000000014411814_658Wx734H_202209101735281.jpeg
JC1L222M0035,23250,Just Cavalli,https://cdn.shopify.com/s/files/1/0742/7414/4536/files/MP000000018921809_1316Wx1468H_202308261451001.jpg?v=1712127665
JC1L230M0065,25500,Just Cavalli,https://watchfactory.in/cdn/shop/files/MP000000016612028_1348Wx2000H_202302211324351.jpg?v=1711798797
JC1L247M0025,20100,Just Cavalli,https://cdn.shopify.com/s/files/1/0742/7414/4536/files/MP000000016590848_1316Wx1468H_202302181736131.jpg?v=1712046733
JC1L232M0065,26750,Just Cavalli,https://cdn.shopify.com/s/files/1/0742/7414/4536/files/MP000000018989969_1348Wx2000H_202308310125141.jpg?v=1712036236
JC1L248M0045,25400,Just Cavalli,https://img.tatacliq.com/images/i9/658Wx734H/MP000000016590861_658Wx734H_202302181737131.jpeg
JC1L251M0075,21750,Just Cavalli,https://cdn.shopify.com/s/files/1/0742/7414/4536/files/MP000000016577471_1316Wx1468H_202302180305411.jpg?v=1712044916
JC1L251M0045,21750,Just Cavalli,https://cdn.shopify.com/s/files/1/0742/7414/4536/files/MP000000016590877_1316Wx1468H_202302181738111.jpg?v=1712055989
JC1L222M0065,24250,Just Cavalli,https://img.tatacliq.com/images/i13/658Wx734H/MP000000018921841_658Wx734H_202308261455071.jpeg
JC1L227M0035,20300,Just Cavalli,https://cdn.shopify.com/s/files/1/0742/7414/4536/files/MP000000016590865_1316Wx1468H_202302181737091.jpg?v=1711798712
JC1L226M0025,26100,Just Cavalli,https://cdn.shopify.com/s/files/1/0742/7414/4536/files/MP000000016577470_1316Wx1468H_202302180305341.jpg?v=1712056865
JC1L248M0065,25200,Just Cavalli,https://img.tatacliq.com/images/i9/658Wx734H/MP000000016577468_658Wx734H_202302180305411.jpeg
JC1L208M0025,15700,Just Cavalli,https://cdn.shopify.com/s/files/1/0742/7414/4536/files/MP000000012146261_1348Wx2000H_202202171832251.jpg?v=1712054415
JC1L223M0065,20900,Just Cavalli,https://cdn.shopify.com/s/files/1/0742/7414/4536/files/MP000000016591014_1316Wx1468H_202302181745131.jpg?v=1712037210
JC1L264M0075,23250,Just Cavalli,https://cdn.shopify.com/s/files/1/0742/7414/4536/files/MP000000018921837_1316Wx1468H_202308261454061.jpg?v=1711798666
JC1L247M0055,20900,Just Cavalli,https://cdn.shopify.com/s/files/1/0742/7414/4536/files/MP000000016590845_1316Wx1468H_202302181736101.jpg?v=1712123645
JC1L248M0075,25200,Just Cavalli,https://img.tatacliq.com/images/i9/658Wx734H/MP000000016590856_658Wx734H_202302181737261.jpeg
JC1L168M0045,23000,Just Cavalli,https://cdn.shopify.com/s/files/1/0742/7414/4536/files/MP000000012146236_1348Wx2000H_202202171828481.jpg?v=1712049596
JC1L163M0275,23600,Just Cavalli,https://cdn.shopify.com/s/files/1/0742/7414/4536/files/MP000000012146246_1348Wx2000H_202202171830381.jpg?v=1712037808
JC1L268M0055,22500,Just Cavalli,https://img.tatacliq.com/images/i13/658Wx734H/MP000000018921804_658Wx734H_202308261449291.jpeg
JC1L248M0055,25200,Just Cavalli,https://img.tatacliq.com/images/i9/658Wx734H/MP000000016590866_658Wx734H_202302181737131.jpeg
JC1L228M0065,24800,Just Cavalli,https://img.tatacliq.com/images/i8/658Wx734H/MP000000014411854_658Wx734H_202209101737251.jpeg
JC1L168M0085,23000,Just Cavalli,https://cdn.shopify.com/s/files/1/0742/7414/4536/files/MP000000013788374_1348Wx2000H_202207142126141.jpg?v=1712118793
JC1L228M0045,24800,Just Cavalli,https://cdn.shopify.com/s/files/1/0742/7414/4536/files/MP000000014623084_1348Wx2000H_202209241229261.jpg?v=1712121704
JC1L073M0075,25300,Just Cavalli,"https://watchbrand.in/media/catalog/product/j/c/jc1l073m0075.jpg?optimize=high&bg-color=255,255,255&fit=bounds&height=1000&width=700&canvas=700:1000"
JC1L247M0075,20900,Just Cavalli,https://img.tatacliq.com/images/i9/658Wx734H/MP000000016590847_658Wx734H_202302181736131.jpeg
JC1L306M0015,19750,Just Cavalli,https://img.tatacliq.com/images/i16//658Wx734H/MP000000020930069_658Wx734H_202401261321221.jpeg
JC1L163M0255,23600,Just Cavalli,https://cdn.shopify.com/s/files/1/0742/7414/4536/products/16.1_54f3a7d9-93da-416e-b935-d1b832e1848c.jpg?v=1711789641
JC1L167M0055,20900,Just Cavalli,https://cdn.shopify.com/s/files/1/0742/7414/4536/products/20.1_bca355b6-603e-46ae-a884-6b3240777682.jpg?v=1711790636
JC1L302M0055,26250,Just Cavalli,https://img.tatacliq.com/images/i16//658Wx734H/MP000000020930092_658Wx734H_202401261322261.jpeg
JC1L163M0065,24900,Just Cavalli,https://cdn.shopify.com/s/files/1/0742/7414/4536/files/MP000000011021723_1348Wx2000H_202110271811221.jpg?v=1711799020
JC1L183M0015,15700,Just Cavalli,https://cdn.shopify.com/s/files/1/0742/7414/4536/files/MP000000012146249_1348Wx2000H_202202171830041.jpg?v=1712041217
JC1L222M0025,22250,Just Cavalli,https://cdn.shopify.com/s/files/1/0742/7414/4536/files/MP000000018921808_1316Wx1468H_202308261450501.jpg?v=1712046833
JC1L305M0015,19500,Just Cavalli,https://img.tatacliq.com/images/i16//658Wx734H/MP000000020930075_658Wx734H_202401261321281.jpeg
JC1L306M0075,23750,Just Cavalli,https://img.tatacliq.com/images/i16//658Wx734H/MP000000020930074_658Wx734H_202401261321281.jpeg
JC1L305M0065,23750,Just Cavalli,https://img.tatacliq.com/images/i16//658Wx734H/MP000000020930080_658Wx734H_202401261321311.jpeg
JC1L230M0015,21700,Just Cavalli,https://img.tatacliq.com/images/i9/658Wx734H/MP000000016590876_658Wx734H_202302181738141.jpeg
JC1L269M0045,26750,Just Cavalli,https://img.tatacliq.com/images/i16//1316Wx1468H/MP000000020930103_1316Wx1468H_202401261322491.jpeg
JC1L227M0025,16900,Just Cavalli,https://cdn.shopify.com/s/files/1/0742/7414/4536/files/MP000000016590867_1316Wx1468H_202302181737091.jpg?v=1712130931
JC1L185M0015,23600,Just Cavalli,https://cdn.shopify.com/s/files/1/0742/7414/4536/products/29.1_ed47ea94-357a-4c96-8a68-3eec44f8159b.jpg?v=1711789672
JC1L073M0025,28800,Just Cavalli,https://cdn.shopify.com/s/files/1/0742/7414/4536/files/MP000000014246543_1316Wx1468H_202208271347571.jpg?v=1712048822
JC1L264M0015,19250,Just Cavalli,https://cdn.shopify.com/s/files/1/0742/7414/4536/files/MP000000018921805_1316Wx1468H_202308261449431.jpg?v=1712118180
JC1L112M0025,18300,Just Cavalli,https://img.tatacliq.com/images/i7/658Wx734H/MP000000008653590_658Wx734H_202101241405101.jpeg
JC1L264M0025,22750,Just Cavalli,https://cdn.shopify.com/s/files/1/0742/7414/4536/files/MP000000018921826_1316Wx1468H_202308261453081.jpg?v=1712054822
JC1L228M0025,21500,Just Cavalli,https://img.tatacliq.com/images/i8/658Wx734H/MP000000014411812_658Wx734H_202209101735231.jpeg
JC1L022M0025,18500,Just Cavalli,https://cdn.shopify.com/s/files/1/0742/7414/4536/products/4.1_e7359f6e-f6d6-47f2-8195-85e0fa762186.jpg?v=1711790209
JC1L190M0065,20700,Just Cavalli,https://cdn.shopify.com/s/files/1/0742/7414/4536/files/MP000000014411771_1316Wx1468H_202209101733231.jpg?v=1712063913
JC1L225M0095,21700,Just Cavalli,https://cdn.shopify.com/s/files/1/0742/7414/4536/files/MP000000014623080_1348Wx2000H_202209241229171.jpg?v=1712038214
JC1L226M0015,23500,Just Cavalli,https://img.tatacliq.com/images/i9/658Wx734H/MP000000016577463_658Wx734H_202302180305321.jpeg
JC1L114M0065,18500,Just Cavalli,https://sslimages.shoppersstop.com/sys-master/images/h3c/h05/15938296184862/206775626_UNMAPPED_alt1.jpg_2000Wx3000H
JC1L306M0065,23250,Just Cavalli,https://img.tatacliq.com/images/i16//658Wx734H/MP000000020930073_658Wx734H_202401261321291.jpeg
JC1L001M0135,15900,Just Cavalli,https://cdn.shopify.com/s/files/1/0742/7414/4536/files/MP000000009997948_1348Wx2000H_202107150240281.jpg?v=1712127234
JC1L304M0055,28250,Just Cavalli,https://img.tatacliq.com/images/i16//658Wx734H/MP000000020930095_658Wx734H_202401261322251.jpeg
JC1L208M0035,18900,Just Cavalli,https://cdn.shopify.com/s/files/1/0742/7414/4536/products/41.1_307f7d6a-97c2-4618-883f-2b0e20172f37.jpg?v=1711789650
JC1L305M0055,23250,Just Cavalli,https://img.tatacliq.com/images/i16//658Wx734H/MP000000020930079_658Wx734H_202401261321301.jpeg
JC1L270M0035,21500,Just Cavalli,https://cdn.shopify.com/s/files/1/0742/7414/4536/files/MP000000018921842_1316Wx1468H_202308261456011.jpg?v=1712060074
JC1L251M0065,21500,Just Cavalli,https://cdn.shopify.com/s/files/1/0742/7414/4536/files/MP000000016577472_1316Wx1468H_202302180305341.jpg?v=1712052134
JC1L306M0055,23750,Just Cavalli,https://img.tatacliq.com/images/i16//658Wx734H/MP000000020930071_658Wx734H_202401261321201.jpeg
JC1L227M0045,20700,Just Cavalli,https://cdn.shopify.com/s/files/1/0742/7414/4536/files/MP000000016590862_1316Wx1468H_202302181737121.jpg?v=1712047545
JC1L022M0045,18500,Just Cavalli,https://cdn.shopify.com/s/files/1/0742/7414/4536/products/6.1_e5cf0301-96bd-499e-8418-a449091e0e54.jpg?v=1711789551
JC1L305M0045,23750,Just Cavalli,https://img.tatacliq.com/images/i16//658Wx734H/MP000000020930078_658Wx734H_202401261321341.jpeg
JC1L306M0035,22750,Just Cavalli,https://img.tatacliq.com/images/i16//658Wx734H/MP000000020930068_658Wx734H_202401261321221.jpeg
JC1L224M0065,24900,Just Cavalli,https://cdn.shopify.com/s/files/1/0742/7414/4536/files/MP000000014623071_1348Wx2000H_202209241228271.jpg?v=1712052829
JC1L224M0075,24900,Just Cavalli,https://watchfactory.in/cdn/shop/files/MP000000016612028_1348Wx2000H_202302211324351.jpg?v=1711798797
JC1L112M0045,17900,Just Cavalli,https://img.tatacliq.com/images/i7/658Wx734H/MP000000008653577_658Wx734H_202101241405061.jpeg
JC1L209M0035,23600,Just Cavalli,https://cdn.shopify.com/s/files/1/0742/7414/4536/products/43.1_d43fbb92-b3a3-4ea5-98a7-311ba32c2db4.jpg?v=1711789654
JC1L209M0065,23600,Just Cavalli,https://cdn.shopify.com/s/files/1/0742/7414/4536/products/46.1_0f9e4b86-e69e-4260-bee8-6a51fa519ed8.jpg?v=1711789587
JC1L167M0015,16100,Just Cavalli,https://cdn.shopify.com/s/files/1/0742/7414/4536/files/MP000000013788378_1348Wx2000H_202207142126221.jpg?v=1712050099
JC1L229M0045,20100,Just Cavalli,https://cdn.shopify.com/s/files/1/0742/7414/4536/files/MP000000014411860_1316Wx1468H_202209101738171.jpg?v=1711798716
JC1L227M0075,20500,Just Cavalli,https://cdn.shopify.com/s/files/1/0742/7414/4536/files/MP000000016577466_1316Wx1468H_202302180305411.jpg?v=1712033851
JC1L230M0055,25800,Just Cavalli,https://cdn.shopify.com/s/files/1/0742/7414/4536/files/MP000000016577469_1316Wx1468H_202302180305331.jpg?v=1712054162
JC1L208M0065,19700,Just Cavalli,https://cdn.shopify.com/s/files/1/0742/7414/4536/files/MP000000012146267_1348Wx2000H_202202171832281.jpg?v=1712122443
JC1L224M0045,24900,Just Cavalli,https://cdn.shopify.com/s/files/1/0742/7414/4536/files/MP000000014623069_1348Wx2000H_202209241228251.jpg?v=1712125848
JC1L208M0075,19700,Just Cavalli,https://cdn.shopify.com/s/files/1/0742/7414/4536/files/MP000000012146265_1348Wx2000H_202202171834351.jpg?v=1712056870
JC1L230M0025,21900,Just Cavalli,https://img.tatacliq.com/images/i9/658Wx734H/MP000000016590873_658Wx734H_202302181738061.jpeg
JC1L270M0055,22500,Just Cavalli,https://img.tatacliq.com/images/i13/658Wx734H/MP000000018921813_658Wx734H_202308261451231.jpeg
JC1L304M0075,29250,Just Cavalli,https://img.tatacliq.com/images/i16//658Wx734H/MP000000020930101_658Wx734H_202401261322441.jpeg
JC1L269M0055,26250,Just Cavalli,https://img.tatacliq.com/images/i16//658Wx734H/MP000000020930104_658Wx734H_202401261322471.jpeg
JC1L270M0065,22750,Just Cavalli,https://img.tatacliq.com/images/i13/658Wx734H/MP000000018921843_658Wx734H_202308261455461.jpeg
JC1L209M0025,20400,Just Cavalli,https://cdn.shopify.com/s/files/1/0742/7414/4536/files/MP000000017876570_1316Wx1468H_202306091619101.jpg?v=1712121322
JC1L268M0045,22250,Just Cavalli,https://cdn.shopify.com/s/files/1/0742/7414/4536/files/MP000000018989973_1348Wx2000H_202308310135061.jpg?v=1712123981
JC1L251M0055,21750,Just Cavalli,https://img.tatacliq.com/images/i9/658Wx734H/MP000000016590875_658Wx734H_202302181738081.jpeg
JC1L264M0045,23250,Just Cavalli,https://cdn.shopify.com/s/files/1/0742/7414/4536/files/MP000000018989976_1348Wx2000H_202308310135171.jpg?v=1712045806
JC1L067M0045,17900,Just Cavalli,https://cdn.shopify.com/s/files/1/0742/7414/4536/files/MP000000009997991_1348Wx2000H_202107150242341.jpg?v=1712131094
JC1L193M0025,23900,Just Cavalli,https://cdn.shopify.com/s/files/1/0742/7414/4536/files/MP000000014411775_1316Wx1468H_202209101733251.jpg?v=1712122007
JC1L190M0045,19900,Just Cavalli,https://cdn.shopify.com/s/files/1/0742/7414/4536/files/MP000000014623057_1348Wx2000H_202209241228111.jpg?v=1712057207
JC1L190M0075,20900,Just Cavalli,https://cdn.shopify.com/s/files/1/0742/7414/4536/files/MP000000014411774_1316Wx1468H_202209101733251.jpg?v=1712129746
JC1L190M0035,19900,Just Cavalli,https://cdn.shopify.com/s/files/1/0742/7414/4536/files/MP000000014411769_1316Wx1468H_202209101733221.jpg?v=1712049406
JC1L270M0045,22250,Just Cavalli,https://img.tatacliq.com/images/i13/658Wx734H/MP000000018921812_658Wx734H_202308261451231.jpeg
JC1L304M0045,29250,Just Cavalli,https://img.tatacliq.com/images/i16//658Wx734H/MP000000020930096_658Wx734H_202401261322431.jpeg
JC1L305M0035,23250,Just Cavalli,https://img.tatacliq.com/images/i16//658Wx734H/MP000000020930077_658Wx734H_202401261321281.jpeg
JC1L302M0045,26750,Just Cavalli,https://img.tatacliq.com/images/i16//658Wx734H/MP000000020930089_658Wx734H_202401261322241.jpeg
JC1L306M0025,19750,Just Cavalli,https://img.tatacliq.com/images/i16//658Wx734H/MP000000020930070_658Wx734H_202401261321211.jpeg
JC1L228M0015,21500,Just Cavalli,https://cdn.shopify.com/s/files/1/0742/7414/4536/files/MP000000014411811_1316Wx1468H_202209101735221.jpg?v=1712035319
JC1L113M0045,16500,Just Cavalli,https://cdn.shopify.com/s/files/1/0742/7414/4536/files/MP000000009006089_1348Wx2000H_202103070125251.jpg?v=1712061791
JC1L251M0015,21250,Just Cavalli,https://cdn.shopify.com/s/files/1/0742/7414/4536/files/MP000000016577476_1316Wx1468H_202302180305411.jpg?v=1712124574
JC1L264M0065,23750,Just Cavalli,https://cdn.shopify.com/s/files/1/0742/7414/4536/files/MP000000018921835_1316Wx1468H_202308261454021.jpg?v=1712126778
JC1L306M0045,23250,Just Cavalli,https://img.tatacliq.com/images/i16//658Wx734H/MP000000020930072_658Wx734H_202401261321211.jpeg
JC1L022M0035,19900,Just Cavalli,https://cdn.shopify.com/s/files/1/0742/7414/4536/products/5.1_01c22e66-f403-46de-a740-5d523fd18789.jpg?v=1711789561
JC1L229M0025,19900,Just Cavalli,https://cdn.shopify.com/s/files/1/0742/7414/4536/files/MP000000014623091_1348Wx2000H_202209241230421.jpg?v=1712127371
JC1L112M0055,18900,Just Cavalli,https://sslimages.shoppersstop.com/sys-master/images/h38/hba/15938286616606/206775621_NoColour_alt1.jpg_2000Wx3000H
JC1L163M0045,24900,Just Cavalli,https://cdn.shopify.com/s/files/1/0742/7414/4536/products/13.1_61b25213-7328-4033-b76b-9a47799ee90f.jpg?v=1711789558
JC1L193M0065,25100,Just Cavalli,https://cdn.shopify.com/s/files/1/0742/7414/4536/files/MP000000014411779_1316Wx1468H_202209101733271.jpg?v=1712058019
JC1L268M0065,22500,Just Cavalli,https://cdn.shopify.com/s/files/1/0742/7414/4536/files/MP000000018921807_1316Wx1468H_202308261450251.jpg?v=1712041531
JC1L232M0015,23250,Just Cavalli,https://cdn.shopify.com/s/files/1/0742/7414/4536/files/MP000000018921847_1316Wx1468H_202308261456041.jpg?v=1712047537
JC1L227M0055,20500,Just Cavalli,https://cdn.shopify.com/s/files/1/0742/7414/4536/files/MP000000016590860_1316Wx1468H_202302181737131.jpg?v=1712046720
JC1L167M0035,19900,Just Cavalli,https://cdn.shopify.com/s/files/1/0742/7414/4536/products/18.1_b4e0ee5a-e020-4dec-939d-6a7138008b2e.jpg?v=1711789549
JC1L184M0045,23600,Just Cavalli,https://cdn.shopify.com/s/files/1/0742/7414/4536/files/MP000000012146254_1348Wx2000H_202202171833141.jpg?v=1712044630
JC1L271M0045,27250,Just Cavalli,https://img.tatacliq.com/images/i13/658Wx734H/MP000000018921815_658Wx734H_202308261451351.jpeg
JC1L271M0065,26750,Just Cavalli,https://img.tatacliq.com/images/i13/658Wx734H/MP000000018921816_658Wx734H_202308261451371.jpeg
JC1L189M0065,23900,Just Cavalli,https://cdn.shopify.com/s/files/1/0742/7414/4536/products/38.1_d696ac5a-a39d-4022-8324-7c9628c3c29c.jpg?v=1711789581
JC1L189M0055,23900,Just Cavalli,https://cdn.shopify.com/s/files/1/0742/7414/4536/products/37.1_49c6e9fd-8733-4da7-b538-3d2d86b7e762.jpg?v=1711794210
JC1L223M0015,16500,Just Cavalli,https://cdn.shopify.com/s/files/1/0742/7414/4536/files/MP000000016658236_1348Wx2000H_202302251402421.jpg?v=1712121949
JC1L224M0035,24900,Just Cavalli,https://cdn.shopify.com/s/files/1/0742/7414/4536/files/MP000000014623068_1348Wx2000H_202209241228251.jpg?v=1712056398
JC1L224M0055,25400,Just Cavalli,https://cdn.shopify.com/s/files/1/0742/7414/4536/files/MP000000014623054_1348Wx2000H_202209241223291.jpg?v=1712059753
JC1L224M0095,25200,Just Cavalli,https://cdn.shopify.com/s/files/1/0742/7414/4536/files/MP000000014411793_1316Wx1468H_202209101734221.jpg?v=1712126274
JC1L229M0055,20100,Just Cavalli,https://cdn.shopify.com/s/files/1/0742/7414/4536/files/MP000000014411859_1316Wx1468H_202209101738171.jpg?v=1711798657
JC1L247M0065,21100,Just Cavalli,https://cdn.shopify.com/s/files/1/0742/7414/4536/files/MP000000016590846_1316Wx1468H_202302181736111.jpg?v=1712054112
JC1L208M0045,18900,Just Cavalli,https://cdn.shopify.com/s/files/1/0742/7414/4536/files/MP000000012146263_1348Wx2000H_202202171832551.jpg?v=1712055208
JC1L271M0015,23250,Just Cavalli,https://img.tatacliq.com/images/i13/658Wx734H/MP000000018921846_658Wx734H_202308261456221.jpeg
JC1L304M0065,28250,Just Cavalli,https://img.tatacliq.com/images/i16//658Wx734H/MP000000020930098_658Wx734H_202401261322261.jpeg
JC1L249M0015,17750,Just Cavalli,https://img.tatacliq.com/images/i16//658Wx734H/MP000000020930081_658Wx734H_202401261321321.jpeg
JC1L222M0045,24250,Just Cavalli,https://cdn.shopify.com/s/files/1/0742/7414/4536/files/MP000000018989959_1348Wx2000H_202308310122141.jpg?v=1712039741
JC1L249M0035,21250,Just Cavalli,https://img.tatacliq.com/images/i16//658Wx734H/MP000000020930083_658Wx734H_202401261321301.jpeg
JC1L269M0065,26750,Just Cavalli,https://img.tatacliq.com/images/i16//658Wx734H/MP000000020930105_658Wx734H_202401261322491.jpeg
JC1L189M0085,24900,Just Cavalli,https://img.tatacliq.com/images/i7/658Wx734H/MP000000010807654_658Wx734H_202110050013021.jpeg
JC1L249M0065,22250,Just Cavalli,https://img.tatacliq.com/images/i16//658Wx734H/MP000000020930086_658Wx734H_202401261321351.jpeg
JC1L001M0025,15900,Just Cavalli,https://assets.ajio.com/medias/sys_master/root/20230623/3Gfw/6495385342f9e729d78d9431/-473Wx593H-464640418-gold-MODEL.jpg
JC1L190M0055,20200,Just Cavalli,https://cdn.shopify.com/s/files/1/0742/7414/4536/files/MP000000014411773_1316Wx1468H_202209101733241.jpg?v=1712131215
JC1L227M0085,20500,Just Cavalli,https://cdn.shopify.com/s/files/1/0742/7414/4536/files/MP000000016658256_1348Wx2000H_202302251404171.jpg?v=1712056170
JC1L302M0035,26250,Just Cavalli,https://img.tatacliq.com/images/i16//658Wx734H/MP000000020930090_658Wx734H_202401261322231.jpeg
JC1L229M0035,19900,Just Cavalli,https://cdn.shopify.com/s/files/1/0742/7414/4536/files/MP000000014623090_1348Wx2000H_202209241230491.jpg?v=1712051764
JC1L223M0055,20500,Just Cavalli,https://cdn.shopify.com/s/files/1/0742/7414/4536/files/MP000000016590868_1316Wx1468H_202302181737131.jpg?v=1712118815
JC1L223M0045,20100,Just Cavalli,https://cdn.shopify.com/s/files/1/0742/7414/4536/files/MP000000016577464_1316Wx1468H_202302180305381.jpg?v=1712058775
JC1L229M0085,20900,Just Cavalli,https://cdn.shopify.com/s/files/1/0742/7414/4536/files/MP000000014411827_1316Wx1468H_202209101736311.jpg?v=1712040840
JC1G080L0025,0,Just Cavalli,https://watchfactory.in/cdn/shop/files/MP000000009006044_1348Wx2000H_202103070122291.jpg?v=1712039334&width=1800
JC1L163M0035,24900,Just Cavalli,https://cdn.shopify.com/s/files/1/0742/7414/4536/products/12.1_86990d53-331b-4873-8670-e3b4a9dd0603.jpg?v=1711789584
JC1L225M0065,20900,Just Cavalli,https://cdn.shopify.com/s/files/1/0742/7414/4536/files/MP000000014623078_1348Wx2000H_202209241229211.jpg?v=1712045665
JC1L304M0025,28250,Just Cavalli,https://img.tatacliq.com/images/i16//658Wx734H/MP000000020930097_658Wx734H_202401261322431.jpeg
JC1L209M0015,20400,Just Cavalli,https://cdn.shopify.com/s/files/1/0742/7414/4536/files/MP000000012146266_1348Wx2000H_202202171832361.jpg?v=1712034841
JC1L168M0075,22500,Just Cavalli,https://cdn.shopify.com/s/files/1/0742/7414/4536/files/MP000000012245875_1316Wx1468H_202202231210141.jpg?v=1712054306
JC1L185M0025,24900,Just Cavalli,https://cdn.shopify.com/s/files/1/0742/7414/4536/products/30.1_bc19d4e1-0fa7-4621-9ffe-0810b7d2d542.jpg?v=1711789579
JC1L193M0055,24800,Just Cavalli,https://cdn.shopify.com/s/files/1/0742/7414/4536/files/MP000000014623064_1348Wx2000H_202209241228241.jpg?v=1712064470
JC1L185M0035,24900,Just Cavalli,https://cdn.shopify.com/s/files/1/0742/7414/4536/products/31.1_47050a21-6e7f-4a14-a52c-4b042233b031.jpg?v=1711789695
JC1L269M0035,26250,Just Cavalli,https://img.tatacliq.com/images/i16//658Wx734H/MP000000020930102_658Wx734H_202401261322431.jpeg
JC1L249M0025,21250,Just Cavalli,https://img.tatacliq.com/images/i16//658Wx734H/MP000000020930082_658Wx734H_202401261321301.jpeg
JC1L249M0045,22250,Just Cavalli,https://img.tatacliq.com/images/i16//658Wx734H/MP000000020930084_658Wx734H_202401261321321.jpeg
JC1L269M0075,27250,Just Cavalli,https://img.tatacliq.com/images/i16//658Wx734H/MP000000020930106_658Wx734H_202401261322471.jpeg
JC1L113M0035,17200,Just Cavalli,https://cdn.shopify.com/s/files/1/0742/7414/4536/files/MP000000009006090_1348Wx2000H_202103070125251.jpg?v=1712036900
JC1L209M0085,23900,Just Cavalli,https://cdn.shopify.com/s/files/1/0742/7414/4536/products/47.1_adf1fd1f-118b-4a41-a603-675d93648861.jpg?v=1711789629
JC1L223M0035,19900,Just Cavalli,https://img.tatacliq.com/images/i9/658Wx734H/MP000000016590872_658Wx734H_202302181737081.jpeg
JC1L193M0045,24400,Just Cavalli,https://cdn.shopify.com/s/files/1/0742/7414/4536/files/MP000000014623053_1348Wx2000H_202209241223301.jpg?v=1712120357
JC1L073M0015,24600,Just Cavalli,https://cdn.shopify.com/s/files/1/0742/7414/4536/files/MP000000014246545_1316Wx1468H_202208271347571.jpg?v=1712034177
JC1L073M0065,28800,Just Cavalli,https://cdn.shopify.com/s/files/1/0742/7414/4536/files/MP000000014246537_1316Wx1468H_202208271347561.jpg?v=1711798718
JC1L268M0015,18250,Just Cavalli,https://cdn.shopify.com/s/files/1/0742/7414/4536/files/MP000000018989972_1348Wx2000H_202308310135141.jpg?v=1712056032
JC1L269M0015,0,Just Cavalli,https://justcavalliwatches.com/wp-content/uploads/2024/04/JC1L269M0015.webp
JC1L189M0035,23900,Just Cavalli,https://img.tatacliq.com/images/i7/658Wx734H/MP000000010807649_658Wx734H_202110050012311.jpeg
JC1L184M0015,20400,Just Cavalli,https://cdn.shopify.com/s/files/1/0742/7414/4536/files/MP000000012245888_1316Wx1468H_202202231210241.jpg?v=1712051108
JC1L229M0015,16500,Just Cavalli,https://cdn.shopify.com/s/files/1/0742/7414/4536/files/MP000000014623089_1348Wx2000H_202209241229281.jpg?v=1712059685
JC1L249M0055,21250,Just Cavalli,https://img.tatacliq.com/images/i16//658Wx734H/MP000000020930085_658Wx734H_202401261321371.jpeg
JC1L304M0035,28250,Just Cavalli,https://img.tatacliq.com/images/i16//658Wx734H/MP000000020930094_658Wx734H_202401261322251.jpeg
JC1L225M0105,21700,Just Cavalli,https://cdn.shopify.com/s/files/1/0742/7414/4536/files/MP000000014411810_1316Wx1468H_202209101735201.jpg?v=1712120751
JC1L222M0075,24250,Just Cavalli,https://cdn.shopify.com/s/files/1/0742/7414/4536/files/MP000000018989962_1348Wx2000H_202308310123021.jpg?v=1712049202
JC1L163M0265,23600,Just Cavalli,https://cdn.shopify.com/s/files/1/0742/7414/4536/files/MP000000012146242_1348Wx2000H_202202171830011.jpg?v=1712057637
JC1L222M0015,19250,Just Cavalli,https://cdn.shopify.com/s/files/1/0742/7414/4536/files/MP000000018921838_1316Wx1468H_202308261455071.jpg?v=1712128832
JC1L073M0045,28800,Just Cavalli,https://cdn.shopify.com/s/files/1/0742/7414/4536/files/MP000000014246535_1316Wx1468H_202208271347551.jpg?v=1712033665
JC1L269M0025,26250,Just Cavalli,https://img.tatacliq.com/images/i16//658Wx734H/MP000000020930099_658Wx734H_202401261322421.jpeg
JC1L302M0025,26250,Just Cavalli,https://img.tatacliq.com/images/i16//658Wx734H/MP000000020930088_658Wx734H_202401261321341.jpeg
JC1L248M0015,21800,Just Cavalli,https://cdn.shopify.com/s/files/1/0742/7414/4536/files/MP000000016590833_1316Wx1468H_202302181736091.jpg?v=1712046717
JC1L177M0035,18100,Just Cavalli,https://rameshwatch.com/cdn/shop/files/JC1L177M0035_720x.jpg?v=1699614185
JC1L190M0025,16500,Just Cavalli,https://cdn.shopify.com/s/files/1/0742/7414/4536/files/MP000000015315027_1316Wx1468H_202211170415051.jpg?v=1712128530
JC1L186M0035,18900,Just Cavalli,https://img.tatacliq.com/images/i7/658Wx734H/MP000000010807641_658Wx734H_202110050012161.jpeg
JC1L177M0055,18900,Just Cavalli,https://cdn.shopify.com/s/files/1/0742/7414/4536/files/MP000000013788376_1348Wx2000H_202207142126221.jpg?v=1712058798
JC1L264M0055,23250,Just Cavalli,https://sslimages.shoppersstop.com/sys-master/images/hf6/h56/30847167856670/WJC1L264M0055_NoColour.jpg_2000Wx3000H
JC1L227M0015,16900,Just Cavalli,https://cdn.shopify.com/s/files/1/0742/7414/4536/files/MP000000016590864_1316Wx1468H_202302181737081.jpg?v=1712128158
JC1L225M0035,20700,Just Cavalli,https://cdn.shopify.com/s/files/1/0742/7414/4536/files/MP000000014411796_1316Wx1468H_202209101734281.jpg?v=1712130972
JC1L186M0045,18900,Just Cavalli,https://cdn.shopify.com/s/files/1/0742/7414/4536/files/MP000000011021711_1348Wx2000H_202110271810311.jpg?v=1712122738
JC1L302M0065,26750,Just Cavalli,https://img.tatacliq.com/images/i16//658Wx734H/MP000000020930093_658Wx734H_202401261322421.jpeg
JC1L305M0025,22750,Just Cavalli,https://img.tatacliq.com/images/i16//658Wx734H/MP000000020930076_658Wx734H_202401261321281.jpeg
JC1L073M0055,29300,Just Cavalli,https://cdn.shopify.com/s/files/1/0742/7414/4536/files/MP000000014246536_1316Wx1468H_202208271347551.jpg?v=1712036277
JC1L224M0015,21500,Just Cavalli,https://cdn.shopify.com/s/files/1/0742/7414/4536/files/MP000000014411778_1316Wx1468H_202209101733271.jpg?v=1712035011
JC1L115M0035,24900,Just Cavalli,https://cdn.shopify.com/s/files/1/0742/7414/4536/files/MP000000008521155_1316Wx1468H_202101091756331.jpg?v=1712058866
JC1L268M0035,21500,Just Cavalli,https://img.tatacliq.com/images/i13/320Wx357H/MP000000018921802_320Wx357H_202308261448501.jpeg
JC1L251M0035,21750,Just Cavalli,https://cdn.shopify.com/s/files/1/0742/7414/4536/files/MP000000016590882_1316Wx1468H_202302181738091.jpg?v=1712054695
JC1L001M0035,14900,Just Cavalli,https://cdn.shopify.com/s/files/1/0742/7414/4536/files/MP000000009997938_1348Wx2000H_202107150239351.jpg?v=1711798825
JC1L001M0045,14900,Just Cavalli,https://cdn.shopify.com/s/files/1/0742/7414/4536/files/MP000000009997945_1348Wx2000H_202107150240251.jpg?v=1712121068
JC1L001M0055,17900,Just Cavalli,https://img.tatacliq.com/images/i8/658Wx734H/MP000000013555729_658Wx734H_202206240532261.jpeg
JC1L001M0065,18500,Just Cavalli,https://cdn.shopify.com/s/files/1/0742/7414/4536/files/MP000000013788369_1348Wx2000H_202207142126121.jpg?v=1712063069
JC1L001M0115,13900,Just Cavalli,https://cdn.shopify.com/s/files/1/0742/7414/4536/files/MP000000008521105_1316Wx1468H_202101091753381.jpg?v=1712054654
JC1L001M0125,15900,Just Cavalli,https://cdn.shopify.com/s/files/1/0742/7414/4536/products/3.1_c6d1901d-d482-4e47-9548-745260c4153d.jpg?v=1711789595
JC1L001M0155,15900,Just Cavalli,https://cdn.shopify.com/s/files/1/0742/7414/4536/files/MP000000009997949_1348Wx2000H_202107150240281.jpg?v=1711798826
JC1L001M0165,14900,Just Cavalli,https://cdn.shopify.com/s/files/1/0742/7414/4536/files/MP000000009997947_1348Wx2000H_202107150240271.jpg?v=1712052588
JC1L022M0055,18100,Just Cavalli,https://cdn.shopify.com/s/files/1/0742/7414/4536/files/MP000000013788371_1348Wx2000H_202207142126131.jpg?v=1712130641
JC1L022M0065,20500,Just Cavalli,https://cdn.shopify.com/s/files/1/0742/7414/4536/files/MP000000013788370_1348Wx2000H_202207142126131.jpg?v=1711798847
JC1L022M0075,20500,Just Cavalli,https://cdn.shopify.com/s/files/1/0742/7414/4536/files/MP000000013788372_1348Wx2000H_202207142126131.jpg?v=1712043935
JC1L067M0015,15900,Just Cavalli,https://img.tatacliq.com/images/i7/658Wx734H/MP000000010642265_658Wx734H_202111091137541.jpeg
JC1L067M0025,17900,Just Cavalli,https://cdn.shopify.com/s/files/1/0742/7414/4536/products/7.1_f52116ae-e379-434a-b12f-0605eb05e32a.jpg?v=1711789567
JC1L067M0035,17900,Just Cavalli,https://assets.ajio.com/medias/sys_master/root/20220713/9dYz/62cde707aeb26921af775d78/-473Wx593H-464640801-gold-MODEL.jpg
JC1L067M0055,17900,Just Cavalli,https://img.tatacliq.com/images/i7/658Wx734H/MP000000008653562_658Wx734H_202101241404061.jpeg
JC1L067M0065,16900,Just Cavalli,https://assets.ajio.com/medias/sys_master/root/20230525/YzC3/646edbacd55b7d0c63e5db2f/-473Wx593H-464612780-silver-MODEL.jpg
JC1L073M0035,29300,Just Cavalli,https://cdn.shopify.com/s/files/1/0742/7414/4536/files/MP000000014246546_1316Wx1468H_202208271347571.jpg?v=1712058692
JC1L112M0035,19500,Just Cavalli,https://cdn.shopify.com/s/files/1/0742/7414/4536/files/MP000000009006095_1348Wx2000H_202103070125291.jpg?v=1712038817
JC1L114M0055,20500,Just Cavalli,https://rameshwatch.com/cdn/shop/products/JC1L114M0055_1c4e0223-a477-4977-a013-11892e7cf974_720x.jpg?v=1668751371
JC1L114M0075,19500,Just Cavalli,https://cdn.shopify.com/s/files/1/0742/7414/4536/files/MP000000009997998_1348Wx2000H_202107150243281.jpg?v=1712041058
JC1L115M0025,24200,Just Cavalli,https://www.kamalwatch.com/cdn/shop/files/jc1l115m0025_1_1.jpg?v=1704363905&width=700
JC1L115M0045,24500,Just Cavalli,https://sslimages.shoppersstop.com/sys-master/images/h17/h3c/31252375863326/WJC1L115M0045_NoColour.jpg_2000Wx3000H
JC1L115M0055,25200,Just Cavalli,https://assets.ajio.com/medias/sys_master/root/20230909/L3ud/64fb9f37afa4cf41f5d52e3c/-473Wx593H-466553872-silver-MODEL.jpg
JC1L163M0015,20400,Just Cavalli,https://cdn.shopify.com/s/files/1/0742/7414/4536/files/MP000000013788377_1348Wx2000H_202207142126201.jpg?v=1712051926
JC1L163M0025,24900,Just Cavalli,https://cdn.shopify.com/s/files/1/0742/7414/4536/products/11.1_fbbd9a5f-aa24-4196-83db-30808bb24c3b.jpg?v=1711789584
JC1L163M0055,24900,Just Cavalli,https://cdn.shopify.com/s/files/1/0742/7414/4536/products/14.1_7d3a52a7-e02b-44a4-94e8-7b7e55a33520.jpg?v=1711789574
JC1L163M0075,24900,Just Cavalli,https://cdn.shopify.com/s/files/1/0742/7414/4536/files/MP000000013788380_1348Wx2000H_202207142126231.jpg?v=1712119764
JC1L163M0085,24900,Just Cavalli,https://rameshwatch.com/cdn/shop/files/JC1L163M0085_720x.jpg?v=1699614986
JC1L163M0235,23600,Just Cavalli,https://cdn.shopify.com/s/files/1/0742/7414/4536/products/15.1_314f56e1-d558-40d4-b6e7-2ceb89ca2128.jpg?v=1711789577
JC1L167M0025,19900,Just Cavalli,https://cdn.shopify.com/s/files/1/0742/7414/4536/products/17.1_bfa9eb5a-6ab2-4c33-bcad-9d370131d67c.jpg?v=1711789570
JC1L167M0045,19900,Just Cavalli,https://cdn.shopify.com/s/files/1/0742/7414/4536/products/19.1_fdff21cc-b773-4808-956f-e0821af3302a.jpg?v=1711790629
JC1L167M0065,20900,Just Cavalli,https://cdn.shopify.com/s/files/1/0742/7414/4536/products/21.1_dd63ee1d-d127-4578-9eac-2b8e602c28db.jpg?v=1711790673
JC1L177M0025,18100,Just Cavalli,https://cdn.shopify.com/s/files/1/0742/7414/4536/files/MP000000013788375_1348Wx2000H_202207142126151.jpg?v=1712053499
JC1L182M0015,18100,Just Cavalli,https://cdn.shopify.com/s/files/1/0742/7414/4536/products/23.1_d923be0b-d594-42bf-be6e-085f0356551b.jpg?v=1711790632
JC1L182M0025,18900,Just Cavalli,https://cdn.shopify.com/s/files/1/0742/7414/4536/products/24.1_5f2d436d-2b83-4f90-b01d-99c5b73e15ec.jpg?v=1711794931
JC1L182M0035,18900,Just Cavalli,https://cdn.shopify.com/s/files/1/0742/7414/4536/files/MP000000012146247_1348Wx2000H_202202171831011.jpg?v=1712042957
JC1L183M0025,18900,Just Cavalli,https://cdn.shopify.com/s/files/1/0742/7414/4536/products/25.1_173f3924-c5bd-4467-a6fa-b774ce60fc1b.jpg?v=1711794954
JC1L183M0035,19900,Just Cavalli,https://cdn.shopify.com/s/files/1/0742/7414/4536/products/26.1_25550e39-c19f-4371-984f-0d6832fba6bb.jpg?v=1711794987
JC1L184M0035,23600,Just Cavalli,https://cdn.shopify.com/s/files/1/0742/7414/4536/products/28.1_06687053-2be6-449c-a6fa-4ebde66635bc.jpg?v=1711789606
JC1L189M0045,23900,Just Cavalli,https://cdn.shopify.com/s/files/1/0742/7414/4536/products/36.1_1b5310f8-9b80-4b3a-9c87-6f8930d33816.jpg?v=1711789592
JC1L193M0035,23900,Just Cavalli,https://cdn.shopify.com/s/files/1/0742/7414/4536/files/MP000000014623062_1348Wx2000H_202209241228231.jpg?v=1712039880
JC1L208M0015,15700,Just Cavalli,https://cdn.shopify.com/s/files/1/0742/7414/4536/files/MP000000012146260_1348Wx2000H_202202171834221.jpg?v=1712047118
JC1L224M0085,25200,Just Cavalli,https://cdn.shopify.com/s/files/1/0742/7414/4536/files/MP000000014623072_1348Wx2000H_202209241228291.jpg?v=1712125354
JC1L225M0025,17500,Just Cavalli,https://cdn.shopify.com/s/files/1/0742/7414/4536/files/MP000000014411794_1316Wx1468H_202209101734251.jpg?v=1712034596
JC1L225M0055,20900,Just Cavalli,https://cdn.shopify.com/s/files/1/0742/7414/4536/files/MP000000014623077_1348Wx2000H_202209241229151.jpg?v=1712045195
JC1L247M0015,17300,Just Cavalli,https://cdn.shopify.com/s/files/1/0742/7414/4536/files/MP000000016590832_1316Wx1468H_202302181736041.jpg?v=1712058981
JC1L225M0045,0,Just Cavalli,https://webassets.ashford.com/images/web/just_cavalli/JC1L225M0045_FXA.jpg
JC1L225M0075,0,Just Cavalli,https://elegancestyle.ae/pub/media/catalog/product/cache/0856f186bc03fe125c95330ee73ab913/4/8/4894626186066.jpg
JC1L302M0015,0,Just Cavalli,https://chainsjo.com/cdn/shop/files/IMG-0303.jpg?v=1709482801&width=600
JC1L304M0015,24500,Just Cavalli,https://img.tatacliq.com/images/i16//658Wx734H/MP000000020930091_658Wx734H_202401261322231.jpeg
JC1L032M0255,0,Just Cavalli,https://cdn.shopify.com/s/files/1/0742/7414/4536/files/MP000000009997957_1348Wx2000H_202201121942011.jpg?v=1711798859
JC1L032M0285,0,Just Cavalli,https://cdn.shopify.com/s/files/1/0742/7414/4536/files/MP000000009997960_1348Wx2000H_202201121942411.jpg?v=1712129316
JC1L032M0305,0,Just Cavalli,https://cdn.shopify.com/s/files/1/0742/7414/4536/files/MP000000009997963_1348Wx2000H_202201121942531.jpg?v=1712122263
JC1L046M0055,0,Just Cavalli,https://cdn.shopify.com/s/files/1/0742/7414/4536/files/MP000000009006059_1348Wx2000H_202103070123311.jpg?v=1712129048
JC1L046M0065,0,Just Cavalli,https://cdn.shopify.com/s/files/1/0742/7414/4536/files/MP000000009006062_1348Wx2000H_202103070123341.jpg?v=1712130195
JC1L046M0075,0,Just Cavalli,https://cdn.shopify.com/s/files/1/0742/7414/4536/files/MP000000009998015_1348Wx2000H_202107150244331.jpg?v=1712050102
JC1L046M0085,0,Just Cavalli,https://cdn.shopify.com/s/files/1/0742/7414/4536/files/MP000000009006065_1348Wx2000H_202103070123341.jpg?v=1712052209
JC1L046M0095,0,Just Cavalli,https://cdn.shopify.com/s/files/1/0742/7414/4536/files/MP000000009997970_1348Wx2000H_202107150241311.jpg?v=1712053163
JC1L046M0105,0,Just Cavalli,https://cdn.shopify.com/s/files/1/0742/7414/4536/files/MP000000009997974_1348Wx2000H_202107150241331.jpg?v=1712033884
JC1L050M0255,0,Just Cavalli,https://cdn.shopify.com/s/files/1/0742/7414/4536/files/MP000000009997975_1348Wx2000H_202107150241361.jpg?v=1712120318
JC1L050M0265,0,Just Cavalli,https://cdn.shopify.com/s/files/1/0742/7414/4536/files/MP000000009997977_1348Wx2000H_202107150241411.jpg?v=1712125855
JC1L050M0285,0,Just Cavalli,https://cdn.shopify.com/s/files/1/0742/7414/4536/files/MP000000009997978_1348Wx2000H_202107150241421.jpg?v=1712051026
JC1L050M0295,0,Just Cavalli,https://cdn.shopify.com/s/files/1/0742/7414/4536/files/MP000000009006067_1348Wx2000H_202103070123361.jpg?v=1712035251
JC1L057M0065,0,Just Cavalli,https://cdn.shopify.com/s/files/1/0742/7414/4536/files/MP000000009997980_1348Wx2000H_202107150242291.jpg?v=1712123661
JC1L057M0075,0,Just Cavalli,https://cdn.shopify.com/s/files/1/0742/7414/4536/files/MP000000009997981_1348Wx2000H_202107150242311.jpg?v=1712057652
JC1L059M0025,0,Just Cavalli,https://cdn.shopify.com/s/files/1/0742/7414/4536/files/MP000000009006070_1348Wx2000H_202201121942491.jpg?v=1712044755
JC1L059M0035,0,Just Cavalli,https://cdn.shopify.com/s/files/1/0742/7414/4536/files/MP000000009997982_1348Wx2000H_202201121944161.jpg?v=1712037345
JC1L059M0045,0,Just Cavalli,https://cdn.shopify.com/s/files/1/0742/7414/4536/files/MP000000009998014_1348Wx2000H_202201121944311.jpg?v=1712125613
JC1L059M0055,0,Just Cavalli,https://cdn.shopify.com/s/files/1/0742/7414/4536/files/MP000000009006139_1348Wx2000H_202201121944471.jpg?v=1712040068
JC1L059M0075,0,Just Cavalli,https://cdn.shopify.com/s/files/1/0742/7414/4536/files/MP000000009006072_1348Wx2000H_202201121942481.jpg?v=1712033516
JC1L010M0585,0,Just Cavalli,https://cdn.shopify.com/s/files/1/0742/7414/4536/files/MP000000009006085_1348Wx2000H_202103070124341.jpg?v=1712054069
JC1L010M0595,0,Just Cavalli,https://cdn.shopify.com/s/files/1/0742/7414/4536/files/MP000000009006144_1348Wx2000H_202103070128321.jpg?v=1712061402
JC1L010M0605,0,Just Cavalli,https://cdn.shopify.com/s/files/1/0742/7414/4536/files/MP000000009006081_1348Wx2000H_202103070124331.jpg?v=1712037397
JC1L057M0275,0,Just Cavalli,https://cdn.shopify.com/s/files/1/0742/7414/4536/files/MP000000009006140_1348Wx2000H_202103070128281.jpg?v=1712046409
JC1L074M0035,0,Just Cavalli,https://cdn.shopify.com/s/files/1/0742/7414/4536/files/MP000000009997993_1348Wx2000H_202107150242411.jpg?v=1712040401
JC1L074M0065,0,Just Cavalli,https://cdn.shopify.com/s/files/1/0742/7414/4536/files/MP000000009997997_1348Wx2000H_202107150243261.jpg?v=1712045949
JC1L078M0065,0,Just Cavalli,https://cdn.shopify.com/s/files/1/0742/7414/4536/files/MP000000009006082_1348Wx2000H_202103070124331.jpg?v=1711799008
JC1L078M0075,0,Just Cavalli,https://cdn.shopify.com/s/files/1/0742/7414/4536/files/MP000000009006145_1348Wx2000H_202103070128321.jpg?v=1712039482
JC1L079M0055,0,Just Cavalli,https://cdn.shopify.com/s/files/1/0742/7414/4536/files/MP000000009006142_1348Wx2000H_202103070128291.jpg?v=1712129055
JC1L079M0065,0,Just Cavalli,https://cdn.shopify.com/s/files/1/0742/7414/4536/files/MP000000009006078_1348Wx2000H_202103070124291.jpg?v=1712033456
JC1L010M0245,0,Just Cavalli,https://cdn.shopify.com/s/files/1/0742/7414/4536/files/MP000000009997952_1348Wx2000H_202201121942011.jpg?v=1712039819
JC1L033M0015,0,Just Cavalli,https://cdn.shopify.com/s/files/1/0742/7414/4536/files/MP000000009997962_1348Wx2000H_202107150241261.jpg?v=1712050607
JC1L033M0025,0,Just Cavalli,https://cdn.shopify.com/s/files/1/0742/7414/4536/files/MP000000009997964_1348Wx2000H_202107150241271.jpg?v=1712129844
JC1L033M0055,0,Just Cavalli,https://cdn.shopify.com/s/files/1/0742/7414/4536/files/MP000000009997965_1348Wx2000H_202107150241281.jpg?v=1712032581
JC1L033M0065,0,Just Cavalli,https://cdn.shopify.com/s/files/1/0742/7414/4536/files/MP000000009997966_1348Wx2000H_202107150241281.jpg?v=1712128501
JC1L045M0075,0,Just Cavalli,https://cdn.shopify.com/s/files/1/0742/7414/4536/files/MP000000009997968_1348Wx2000H_202107150241301.jpg?v=1712127386
JC1L002M0045,0,Just Cavalli,https://cdn.shopify.com/s/files/1/0742/7414/4536/files/MP000000009998012_1348Wx2000H_202107150243351.jpg?v=1712049354
JC1L002M0055,0,Just Cavalli,https://cdn.shopify.com/s/files/1/0742/7414/4536/files/MP000000009997950_1348Wx2000H_202107150240301.jpg?v=1712041267
JC1L010M0465,0,Just Cavalli,https://cdn.shopify.com/s/files/1/0742/7414/4536/files/MP000000009997953_1348Wx2000H_202107150240311.jpg?v=1712046395
JC1L010M0505,0,Just Cavalli,https://cdn.shopify.com/s/files/1/0742/7414/4536/files/MP000000009997954_1348Wx2000H_202107150240311.jpg?v=1712038763
JC1L023M0105,0,Just Cavalli,https://cdn.shopify.com/s/files/1/0742/7414/4536/files/MP000000009997961_1348Wx2000H_202107150240331.jpg?v=1712056382
JC1L028M0055,0,Just Cavalli,https://cdn.shopify.com/s/files/1/0742/7414/4536/files/MP000000009997955_1348Wx2000H_202107150240331.jpg?v=1712040336
JC1L031M0075,0,Just Cavalli,https://cdn.shopify.com/s/files/1/0742/7414/4536/files/MP000000009997956_1348Wx2000H_202107150240331.jpg?v=1712040155
JC1L032M0115,0,Just Cavalli,https://cdn.shopify.com/s/files/1/0742/7414/4536/files/MP000000009006051_1348Wx2000H_202103070122351.jpg?v=1712123235
JC1L042M0095,0,Just Cavalli,https://cdn.shopify.com/s/files/1/0742/7414/4536/files/MP000000009997967_1348Wx2000H_202107150241291.jpg?v=1712044071
JC1L045M0085,0,Just Cavalli,https://cdn.shopify.com/s/files/1/0742/7414/4536/files/MP000000009997971_1348Wx2000H_202107150241351.jpg?v=1712049028
JC1L045M0105,0,Just Cavalli,https://cdn.shopify.com/s/files/1/0742/7414/4536/files/MP000000009997969_1348Wx2000H_202107150241311.jpg?v=1712034078
JC1L050M0085,0,Just Cavalli,https://cdn.shopify.com/s/files/1/0742/7414/4536/files/MP000000009997973_1348Wx2000H_202201121942011.jpg?v=1712126841
JC1L050M0115,0,Just Cavalli,https://cdn.shopify.com/s/files/1/0742/7414/4536/files/MP000000009997972_1348Wx2000H_202201121942011.jpg?v=1712057762
JC1L056M0025,0,Just Cavalli,https://cdn.shopify.com/s/files/1/0742/7414/4536/files/MP000000009006069_1348Wx2000H_202201121943121.jpg?v=1712121308
JC1L056M0055,0,Just Cavalli,https://cdn.shopify.com/s/files/1/0742/7414/4536/files/MP000000009997979_1348Wx2000H_202201121943531.jpg?v=1712047785
JC1L057M0325,0,Just Cavalli,https://cdn.shopify.com/s/files/1/0742/7414/4536/files/MP000000009006150_1348Wx2000H_202103070128351.jpg?v=1712120224
JC1L057M0335,0,Just Cavalli,https://cdn.shopify.com/s/files/1/0742/7414/4536/files/MP000000009006104_1348Wx2000H_202103070126251.jpg?v=1712058010
JC1L057M0345,0,Just Cavalli,https://cdn.shopify.com/s/files/1/0742/7414/4536/files/MP000000009006149_1348Wx2000H_202103070128351.jpg?v=1712058790
JC1L076M0125,0,Just Cavalli,https://cdn.shopify.com/s/files/1/0742/7414/4536/files/MP000000009006110_1348Wx2000H_202103070126281.jpg?v=1712122802
JC1L076M0135,0,Just Cavalli,https://cdn.shopify.com/s/files/1/0742/7414/4536/files/MP000000009006151_1348Wx2000H_202103070129221.jpg?v=1712055893
JC1L076M0145,0,Just Cavalli,https://cdn.shopify.com/s/files/1/0742/7414/4536/files/MP000000009006153_1348Wx2000H_202103070129251.jpg?v=1712049947
JC1L077M0075,0,Just Cavalli,https://cdn.shopify.com/s/files/1/0742/7414/4536/files/MP000000009006103_1348Wx2000H_202201151549271.jpg?v=1712034363
JC1L078M0035,0,Just Cavalli,https://cdn.shopify.com/s/files/1/0742/7414/4536/files/MP000000009006106_1348Wx2000H_202103070126251.jpg?v=1712049380
JC1L078M0055,0,Just Cavalli,https://cdn.shopify.com/s/files/1/0742/7414/4536/files/MP000000009006152_1348Wx2000H_202103070129221.jpg?v=1712058997
JC1L085M0065,0,Just Cavalli,https://cdn.shopify.com/s/files/1/0742/7414/4536/files/MP000000009006099_1348Wx2000H_202103070125321.jpg?v=1712035659
JC1L085M0075,0,Just Cavalli,https://cdn.shopify.com/s/files/1/0742/7414/4536/files/MP000000009006148_1348Wx2000H_202103070128331.jpg?v=1712056474
JC1L085M0095,0,Just Cavalli,https://cdn.shopify.com/s/files/1/0742/7414/4536/files/MP000000009006101_1348Wx2000H_202103070125321.jpg?v=1712118671
JC1L087M0055,0,Just Cavalli,https://cdn.shopify.com/s/files/1/0742/7414/4536/files/MP000000009006143_1348Wx2000H_202201121943191.jpg?v=1712063750
JC1L087M0065,0,Just Cavalli,https://cdn.shopify.com/s/files/1/0742/7414/4536/files/MP000000009006098_1348Wx2000H_202103070125301.jpg?v=1712033748
JC1L087M0085,0,Just Cavalli,https://cdn.shopify.com/s/files/1/0742/7414/4536/files/MP000000009006146_1348Wx2000H_202201121945521.jpg?v=1712119482
JC1L059M0065,0,Just Cavalli,https://cdn.shopify.com/s/files/1/0742/7414/4536/files/MP000000009997983_1348Wx2000H_202201121942451.jpg?v=1712129932
JC1L060M0065,0,Just Cavalli,https://cdn.shopify.com/s/files/1/0742/7414/4536/files/MP000000009997985_1348Wx2000H_202107150242341.jpg?v=1712063382
JC1L061M0045,0,Just Cavalli,https://cdn.shopify.com/s/files/1/0742/7414/4536/files/MP000000009997984_1348Wx2000H_202201121943021.jpg?v=1712038604
JC1L061M0055,0,Just Cavalli,https://cdn.shopify.com/s/files/1/0742/7414/4536/files/MP000000009997986_1348Wx2000H_202201121944481.jpg?v=1712122773
JC1L061M0065,0,Just Cavalli,https://assets.ajio.com/medias/sys_master/root/20200729/C4Rw/5f2191f3aeb269f5fee9205a/-473Wx593H-460684076-rosegold-MODEL.jpg
JC1L061M0075,0,Just Cavalli,https://cdn.shopify.com/s/files/1/0742/7414/4536/files/MP000000009006138_1348Wx2000H_202201121943171.jpg?v=1712128092
JC1L061M0085,0,Just Cavalli,https://img.tatacliq.com/images/i7/658Wx734H/MP000000010642264_658Wx734H_202111091137551.jpeg
JC1L061M0095,0,Just Cavalli,https://cdn.shopify.com/s/files/1/0742/7414/4536/files/MP000000009997989_1348Wx2000H_202201121945121.jpg?v=1712045597
JC1L061M0105,0,Just Cavalli,https://cdn.shopify.com/s/files/1/0742/7414/4536/files/MP000000009006075_1348Wx2000H_202201121945171.jpg?v=1712121004
JC1L072M0055,0,Just Cavalli,https://cdn.shopify.com/s/files/1/0742/7414/4536/files/MP000000009997990_1348Wx2000H_202107150242341.jpg?v=1712035915
JC1L010M0125,0,Just Cavalli,https://cdn.shopify.com/s/files/1/0742/7414/4536/files/MP000000009997951_1348Wx2000H_202107150240301.jpg?v=1712061612
JC1L017M0085,0,Just Cavalli,https://m.media-amazon.com/images/I/71V8GBjODqL._SX679_.jpg
JC1L072M0015,0,Just Cavalli,https://cdn.shopify.com/s/files/1/0742/7414/4536/files/MP000000009006141_1348Wx2000H_202103070128281.jpg?v=1712124412
JC1L072M0025,0,Just Cavalli,https://cdn.shopify.com/s/files/1/0742/7414/4536/products/1.1_bc9197a9-f73d-4a13-831e-adf7d21311d3.jpg?v=1711789642
JC1L072M0035,0,Just Cavalli,https://cdn.shopify.com/s/files/1/0742/7414/4536/files/MP000000009997987_1348Wx2000H_202107150242331.jpg?v=1712063560
JC1L072M0045,0,Just Cavalli,https://cdn.shopify.com/s/files/1/0742/7414/4536/files/MP000000009997995_1348Wx2000H_202107150242421.jpg?v=1712045619
JC1L186M0015,0,Just Cavalli,https://i-watch.co/cdn/shop/products/jc1l186m0015_1_0b6b99fc-520e-4278-be6c-764cecbca6c9.jpg?v=1703465330&width=600
JC1L189M0025,0,Just Cavalli,https://m.media-amazon.com/images/I/71YyA7yN3UL._AC_SX679_.jpg
,0,,
,0,,
,0,,
,0,,
,0,,
,0,,
,0,,
,0,,
,0,,
,0,,
,0,,
,0,,
,0,,
,0,,
,0,,
,0,,
,0,,
,0,,
,0,,
,0,,
,0,,
,0,,
,0,,
,0,,
,0,,
,0,,
,0,,
,0,,
,0,,
,0,,
,0,,
,0,,
,0,,
,0,,
,0,,
,0,,
,0,,
,0,,
,0,,
,0,,
,0,,
,0,,
,0,,
,0,,
,0,,
,0,,
,0,,
,0,,
,0,,
,0,,
,0,,
,0,,
,0,,
,0,,
,0,,
,0,,
,0,,
,0,,
,0,,
,0,,
,0,,
,0,,
,0,,
,0,,
,0,,
,0,,
,0,,
,0,,
,0,,
,0,,
,0,,
,0,,
,0,,
,0,,
,0,,
,0,,
,0,,
,0,,
,0,,
,0,,
,0,,
,0,,
,0,,
,0,,
,0,,
,0,,
,0,,
,0,,
,0,,
,0,,
,0,,
,0,,
,0,,
,0,,
,0,,
,0,,
,0,,
,0,,
,0,,
,0,,
,0,,
,0,,
,0,,
,0,,
,0,,
,0,,
,0,,
,0,,
,0,,
,0,,
,0,,
,0,,
,0,,
,0,,
,0,,
,0,,
,0,,
,0,,
,0,,
,0,,
,0,,
,0,,
,0,,
,0,,
,0,,
,0,,
,0,,
,0,,
,0,,
,0,,
,0,,
,0,,
,0,,
,0,,
,0,,
,0,,
,0,,
,0,,
,0,,
,0,,
,0,,
,0,,
,0,,
,0,,
,0,,
,0,,
,0,,
,0,,
,0,,
,0,,
,0,,
,0,,
,0,,
,0,,
,0,,
,0,,
,0,,
,0,,
,0,,
,0,,
,0,,
,0,,
,0,,
,0,,
,0,,
,0,,
,0,,
,0,,
,0,,
,0,,
,0,,
,0,,
,0,,
,0,,
,0,,
,0,,
,0,,
,0,,
,0,,
,0,,
,0,,
,0,,
,0,,
,0,,
,0,,
,0,,
,0,,
,0,,
,0,,
,0,,
,0,,
,0,,
,0,,
,0,,
,0,,
,0,,
,0,,
,0,,
,0,,
,0,,
,0,,
,0,,
,0,,
,0,,
,0,,
,0,,
,0,,
,0,,
,0,,
,0,,
,0,,
,0,,
,0,,
,0,,
,0,,
,0,,
,0,,
,0,,
,0,,
,0,,
,0,,
,0,,
,0,,
,0,,
,0,,
,0,,
,0,,
,0,,
,0,,
,0,,
,0,,
,0,,
,0,,
,0,,
,0,,
,0,,
,0,,
,0,,
,0,,
,0,,
,0,,
,0,,
,0,,
,0,,
,0,,
,0,,
,0,,
,0,,
,0,,
,0,,
,0,,
,0,,
,0,,
,0,,
,0,,
,0,,
,0,,
,0,,
,0,,
,0,,
,0,,
,0,,
,0,,
,0,,
,0,,
,0,,
,0,,
,0,,
,0,,
,0,,
,0,,
,0,,
,0,,
,0,,
,0,,
,0,,
,0,,
,0,,
,0,,
,0,,
,0,,
,0,,
,0,,
,0,,
,0,,
,0,,
,0,,
,0,,
,0,,
,0,,
,0,,
,0,,
,0,,
,0,,
,0,,
,0,,
,0,,
,0,,
,0,,
,0,,
,0,,
,0,,
,0,,
,0,,
,0,,
,0,,
,0,,
,0,,
,0,,
,0,,
,0,,
,0,,
,0,,
,0,,
,0,,
,0,,
,0,,
,0,,
,0,,
,0,,
,0,,
,0,,
,0,,
,0,,
,0,,
,0,,
,0,,
,0,,
,0,,
,0,,
,0,,
,0,,
,0,,
,0,,
,0,,
,0,,
,0,,
,0,,
,0,,
,0,,
,0,,
,0,,
,0,,
,0,,
,0,,
,0,,
,0,,
,0,,
,0,,
,0,,
,0,,
,0,,
,0,,
,0,,
,0,,
,0,,
,0,,
,0,,
,0,,
,0,,
,0,,
,0,,
,0,,
,0,,
,0,,
,0,,
,0,,
,0,,
,0,,
,0,,
,0,,
,0,,
,0,,
,0,,
,0,,
,0,,
,0,,
,0,,
,0,,
,0,,
,0,,
,0,,
,0,,
,0,,
,0,,
,0,,
,0,,
,0,,
,0,,
,0,,
,0,,
,0,,
,0,,
,0,,
,0,,
,0,,
,0,,
,0,,
,0,,
,0,,
,0,,
,0,,
,0,,
,0,,
,0,,
,0,,
,0,,
,0,,
,0,,
,0,,
,0,,
,0,,
,0,,
,0,,
,0,,
,0,,
,0,,
,0,,
,0,,
,0,,
,0,,
,0,,
,0,,
,0,,
,0,,
,0,,
,0,,
,0,,
,0,,
,0,,
,0,,
,0,,
,0,,
,0,,
,0,,
,0,,
,0,,
,0,,
,0,,
,0,,
,0,,
,0,,
,0,,
,0,,
,0,,
,0,,
,0,,
,0,,
,0,,
,0,,
,0,,
,0,,
,0,,
,0,,
,0,,
,0,,
,0,,
,0,,
,0,,
,0,,
,0,,
,0,,
,0,,
,0,,
,0,,
,0,,
,0,,
,0,,
,0,,
,0,,
,0,,
,0,,
,0,,
,0,,
,0,,
,0,,
,0,,
,0,,
,0,,
,0,,
,0,,
,0,,
,0,,
,0,,
,0,,
,0,,
,0,,
,0,,
,0,,
,0,,
,0,,
,0,,
,0,,
,0,,
,0,,
,0,,
,0,,
,0,,
,0,,
,0,,
,0,,
,0,,
,0,,
,0,,
,0,,
,0,,
,0,,
,0,,
,0,,
,0,,
,0,,
,0,,
,0,,
,0,,
,0,,
,0,,
,0,,
,0,,
,0,,
,0,,
,0,,
,0,,
,0,,
,0,,
,0,,
,0,,
,0,,
,0,,
,0,,
,0,,
,0,,
,0,,
,0,,
,0,,
,0,,
,0,,
,0,,
,0,,
,0,,
,0,,
,0,,
,0,,
,0,,
,0,,
,0,,
,0,,
,0,,
,0,,
,0,,
,0,,
,0,,
,0,,
,0,,
,0,,
,0,,
,0,,
,0,,
,0,,
,0,,
,0,,
,0,,
,0,,
,0,,
,0,,
,0,,
,0,,
,0,,
,0,,
,0,,
,0,,
,0,,
,0,,
,0,,
,0,,
,0,,
,0,,
,0,,
,0,,
,0,,
,0,,
,0,,
,0,,
,0,,
,0,,
,0,,
,0,,
,0,,
,0,,
,0,,
,0,,
,0,,
,0,,
,0,,
,0,,
,0,,
,0,,
,0,,
,0,,
,0,,
,0,,
,0,,
,0,,
,0,,
,0,,
,0,,
,0,,
,0,,
,0,,
,0,,
,0,,
,0,,
,0,,
,0,,
,0,,
,0,,
,0,,
,0,,
,0,,
,0,,
,0,,
,0,,
,0,,
,0,,
,0,,
,0,,
,0,,
,0,,
,0,,
,0,,
,0,,
,0,,
,0,,
,0,,
,0,,
,0,,
,0,,
,0,,
,0,,
,0,,
,0,,