Model No.,Godwan,MT Stock,IB Stock,DDN Stock,DL Stock,CHD Stock,Main,Sample Line,Total
R27073702,0,0,0,0,0,0,0,0,0
R32504317,0,0,0,0,0,0,0,0,0
R32504315,0,0,0,0,0,0,0,0,0
R32504407,0,0,0,0,0,0,0,0,0
R32105319,0,0,0,1,0,0,0,0,1
R27086152,0,0,0,0,0,0,0,0,0
R27072902,0,0,0,0,0,0,0,0,0
R27076012,0,0,0,0,0,0,0,0,0
R32127162,0,1,0,0,0,0,0,0,1
R32504205,0,0,0,0,0,0,0,0,0
R27079702,0,1,0,0,0,0,0,0,1
R27080162,0,0,0,0,0,0,0,0,0
R27080702,0,0,0,0,0,0,0,0,0
R27080722,0,1,0,1,0,0,0,0,2
R22883923,0,0,0,0,0,0,0,0,0
R22885945,0,0,0,0,0,0,0,0,0
R27059162,0,0,0,0,0,0,0,0,0
R27059712,0,1,0,1,0,0,0,0,2
R27060712,0,1,0,0,0,0,0,0,1
R27060732,0,0,0,0,0,0,0,0,0
R27061712,0,0,0,0,0,0,0,0,0
R27061902,0,0,0,0,0,0,0,0,0
R27238162,0,0,0,1,0,0,0,0,1
R27238712,0,0,0,1,0,0,0,0,1
R27238722,0,0,0,0,0,0,0,0,0
R20201712,0,0,0,0,0,0,0,0,0
R20612712,0,0,0,0,0,0,0,0,0
R20613712,0,0,0,0,0,0,0,0,0
R20845162,0,0,0,0,0,0,0,0,0
R20845712,0,0,0,0,0,0,0,0,0
R20204162,0,0,0,0,0,0,0,0,0
R20204712,0,0,0,0,0,0,0,0,0
R20206162,0,0,0,0,0,0,0,0,0
R20206712,0,0,0,0,0,0,0,0,0
R20219712,0,0,0,0,0,0,0,0,0
R20207712,0,0,0,0,0,0,0,0,0
R27242162,0,0,0,0,0,0,0,0,0
R27242712,0,1,0,0,0,0,0,0,1
R27242722,0,0,0,0,0,0,0,0,0
R27242732,0,1,0,0,0,0,0,0,1
R27243712,0,1,0,0,0,0,0,0,1
R27243732,0,0,0,0,0,0,0,0,0
R27243852,0,0,0,0,0,0,0,0,0
R22862027,0,0,0,0,0,0,0,0,0
R22865115,0,0,0,0,0,0,0,0,0
R22865765,0,0,0,0,0,0,0,0,0
R27510152,0,0,0,0,0,0,0,0,0
R27511302,0,0,0,0,0,0,0,0,0
R22894163,0,0,0,0,0,0,0,0,0
R22895025,0,0,0,0,0,0,0,0,0
R22895215,0,0,0,0,0,0,0,0,0
R27083202,0,0,0,0,0,0,0,0,0
R27086162,0,1,0,0,0,0,0,0,1
R27107152,0,0,0,0,0,0,0,0,0
R27100162,0,0,0,0,0,0,0,0,0
R27107732,0,0,0,0,0,0,0,0,0
R27108312,0,1,0,0,0,0,0,0,1
R27108732,0,1,0,0,0,0,0,0,1
R27056712,0,1,0,0,0,0,0,0,1
R27057732,0,0,0,1,0,0,0,0,1
R32500013,0,0,0,0,0,0,0,0,0
R32500323,0,0,0,0,0,0,0,0,0
R32500703,0,0,0,0,0,0,0,0,0
R32504306,0,0,0,0,0,0,0,0,0
R32505153,0,0,0,0,0,0,0,0,0
R32505203,0,0,0,0,0,0,0,0,0
R32505313,0,0,0,0,0,0,0,0,0
R32505305,0,0,0,0,0,0,0,0,0
R32505318,0,0,0,0,0,0,0,0,0
R22860044,0,0,0,0,0,0,0,0,0
R22860027,0,0,0,0,0,0,0,0,0
R22861115,0,0,0,0,0,0,0,0,0
R22861165,0,0,0,0,0,0,0,0,0
R22861765,0,0,0,0,0,0,0,0,0
R22876015,0,0,0,0,0,0,0,0,0
R22876013,0,0,0,0,0,0,0,0,0
R22877025,0,0,0,0,0,0,0,0,0
R22877165,0,0,0,0,0,0,0,0,0
R27077312,0,0,0,0,0,0,0,0,0
R27077702,0,0,0,0,0,0,0,0,0
R27078162,0,0,0,0,0,0,0,0,0
R27078702,0,1,0,0,0,0,0,0,1
R27078722,0,1,0,1,0,0,0,0,2
R32105203,0,0,0,0,0,0,0,0,0
R32105313,0,0,0,0,0,0,0,0,0
R22897903,0,0,0,0,0,0,0,0,0
R22897923,0,0,0,0,0,0,0,0,0
R22897933,0,0,0,0,0,0,0,0,0
R22897943,0,0,0,0,0,0,0,0,0
R33100703,0,0,0,0,0,0,0,0,0
R33930203,0,0,0,0,0,0,0,0,0
R33930313,0,0,0,0,0,0,0,0,0
R30554303,0,1,0,1,0,0,0,0,2
R27015012,0,0,0,0,0,0,0,0,0
R27112312,0,0,0,0,0,0,0,0,0
R32052012,0,0,0,0,0,0,0,0,0
R32051102,0,0,0,0,0,0,0,0,0
R33102703,0,0,0,0,0,0,0,0,0
R33099918,0,0,0,0,0,0,0,0,0
R33104918,0,0,0,0,0,0,0,0,0
R30555303,0,1,0,1,0,0,0,0,2
R30554723,0,1,0,1,0,0,0,0,2
R30555723,0,1,0,1,0,0,0,0,2
R30555902,0,0,0,0,0,0,0,0,0
R30554743,0,1,0,1,0,0,0,0,2
R30555743,0,1,0,0,0,0,0,0,1
R30931923,0,0,0,0,0,0,0,0,0
R30554903,0,0,0,0,0,0,0,0,0
R30932923,0,0,0,0,0,0,0,0,0
R32502153,0,0,0,0,0,0,0,0,0
R32502203,0,0,0,1,0,0,0,0,1
R32502313,0,1,0,1,0,0,0,0,2
R27741182,0,0,0,0,0,0,0,0,0
R27955122,0,0,0,0,0,0,0,0,0
R14064945,0,0,0,0,0,0,0,0,0
R30130152,0,0,0,0,0,0,0,0,0
R30187172,0,0,0,0,0,0,0,0,0
R32259153,0,0,0,0,0,0,0,0,0
R32259163,0,0,0,0,0,0,0,0,0
R32259203,0,0,0,0,0,0,0,0,0
R32259313,0,0,0,0,0,0,0,0,0
R27004302,0,0,0,0,0,0,0,0,0
R27005902,0,0,0,0,0,0,0,0,0
R27006912,0,0,0,0,0,0,0,0,0
R27009152,0,0,0,0,0,0,0,0,0
R27010102,0,0,0,0,0,0,0,0,0
R27014152,0,0,0,0,0,0,0,0,0
R27742722,0,0,0,0,0,0,0,0,0
R27956722,0,0,0,0,0,0,0,0,0
R27958722,0,0,0,0,0,0,0,0,0
R27090602,0,0,0,0,0,0,0,0,0
R27091612,0,0,0,0,0,0,0,0,0
R27092622,0,0,0,0,0,0,0,0,0
R27093632,0,0,0,0,0,0,0,0,0
R27095652,0,0,0,0,0,0,0,0,0
R27096662,0,0,0,0,0,0,0,0,0
R27097672,0,0,0,0,0,0,0,0,0
R27098682,0,0,0,0,0,0,0,0,0
R33103314,0,0,0,0,0,0,0,0,0
R32482722,0,0,0,0,0,0,0,0,0
R32523722,0,0,0,0,0,0,0,0,0
R32041702,0,0,0,0,0,0,0,0,0
R32042153,0,0,0,0,0,0,0,0,0
R32042203,0,0,0,0,0,0,0,0,0
R32111162,0,0,0,0,0,0,0,0,0
R32118102,0,0,0,0,0,0,0,0,0
R32121152,0,0,0,0,0,0,0,0,0
R32021102,0,0,0,0,0,0,0,0,0
R30178152,0,0,0,0,0,0,0,0,0
R30180162,0,0,0,0,0,0,0,0,0
R30181312,0,0,0,0,0,0,0,0,0
R30248712,0,0,0,0,0,0,0,0,0
R30248902,0,0,0,0,0,0,0,0,0
R14056935,0,0,0,0,0,0,0,0,0
R14056955,0,0,0,0,0,0,0,0,0
R14058905,0,0,0,0,0,0,0,0,0
R32254202,0,0,0,0,0,0,0,0,0
R32254302,0,0,0,0,0,0,0,0,0
R33100013,0,0,0,0,0,0,0,0,0
R33100103,0,0,0,0,0,0,0,0,0
R33101314,0,1,0,0,0,0,0,0,1
R33101203,0,0,0,0,0,0,0,0,0
R14138206,0,0,0,0,0,0,0,0,0
R14053106,0,0,0,0,0,0,0,0,0
R32139708,0,0,0,0,0,0,0,0,0
R12403633,0,0,0,0,0,0,0,0,0
R12416073,0,0,0,0,0,0,0,0,0
R12416193,0,0,0,0,0,0,0,0,0
R12416393,0,0,0,0,0,0,0,0,0
R12416573,0,0,0,0,0,0,0,0,0
R12416613,0,0,0,0,0,0,0,0,0
R12416633,0,0,0,0,0,0,0,0,0
R12416673,0,0,0,0,0,0,0,0,0
R12416803,0,0,0,0,0,0,0,0,0
R12304303,0,0,0,0,0,0,0,0,0
R12304313,0,0,0,0,0,0,0,0,0
R12305304,0,0,0,0,0,0,0,0,0
R12391103,0,1,0,1,0,0,0,0,2
R12391153,0,1,0,1,0,0,0,0,2
R12391633,0,1,0,1,0,0,0,0,2
R12393633,0,1,0,1,0,0,0,0,2
R12638173,0,0,0,0,0,0,0,0,0
R12949153,0,1,0,0,0,0,0,0,1
R12637163,0,0,0,0,0,0,0,0,0
R12408613,0,0,0,0,0,0,0,0,0
R12408633,0,0,0,0,0,0,0,0,0
R12413033,0,0,0,0,0,0,0,0,0
R12413073,0,0,0,0,0,0,0,0,0
R12413193,0,0,0,0,0,0,0,0,0
R12413243,0,0,0,0,0,0,0,0,0
R12413313,0,0,0,0,0,0,0,0,0
R12413323,0,0,0,0,0,0,0,0,0
R12413343,0,0,0,0,0,0,0,0,0
R12413493,0,0,0,0,0,0,0,0,0
R12413503,0,0,0,0,0,0,0,0,0
R12413523,0,0,0,0,0,0,0,0,0
R12413533,0,0,0,0,0,0,0,0,0
R12413573,0,0,0,0,0,0,0,0,0
R12413613,0,0,0,0,0,0,0,0,0
R12413803,0,0,0,0,0,0,0,0,0
R12413314,0,0,0,0,0,0,0,0,0
R12413584,0,0,0,0,0,0,0,0,0
R12306303,0,0,0,0,0,0,0,0,0
R12306313,0,0,0,0,0,0,0,0,0
R12307304,0,0,0,0,0,0,0,0,0
R30134162,0,0,0,0,0,0,0,0,0
R20141712,0,0,0,0,0,0,0,0,0
R20140712,0,0,0,0,0,0,0,0,0
R27110872,0,0,0,0,0,0,0,0,0
R27957909,0,0,0,0,0,0,0,0,0
R27958909,0,0,0,0,0,0,0,0,0
R27243872,0,0,0,0,0,0,0,0,0
R27070202,0,0,0,0,0,0,0,0,0
R22883913,0,0,0,0,0,0,0,0,0
R22862075,0,0,0,0,0,0,0,0,0
R22860075,0,0,0,0,0,0,0,0,0
R22860165,0,0,0,0,0,0,0,0,0
R22860163,0,0,0,0,0,0,0,0,0
R14064745,0,0,0,0,0,0,0,0,0
R14053716,0,0,0,0,0,0,0,0,0
R22878163,0,0,0,0,0,0,0,0,0
R22878045,0,0,0,0,0,0,0,0,0
R22879215,0,0,0,1,0,0,0,0,1
R22879315,0,0,0,0,0,0,0,0,0
R32137153,0,0,0,1,0,0,0,0,1
R32138153,0,1,0,0,0,0,0,0,1
R32502163,0,0,0,0,0,0,0,0,0
R27106922,0,0,0,0,0,0,0,0,0
R32156153,0,0,0,1,0,0,0,0,1
R32156163,0,0,0,0,0,0,0,0,0
R32156203,0,1,0,1,0,0,0,0,2
R22879325,0,0,0,0,0,0,0,0,0
R32044902,0,0,0,0,0,0,0,0,0
R32027962,0,0,0,0,0,0,0,0,0
R48912713,0,0,0,1,0,0,0,0,1
R48915703,0,1,0,0,0,0,0,0,1
R48912013,0,0,0,0,0,0,0,0,0
R48912153,0,1,0,1,0,0,0,0,2
R48913013,0,0,0,0,0,0,0,0,0
R48913023,0,1,0,1,0,0,0,0,2
R48913713,0,1,0,1,0,0,0,0,2
R48913723,0,1,0,1,0,0,0,0,2
R48912023,0,1,0,1,0,0,0,0,2
R48912703,0,1,0,1,0,0,0,0,2
R48912723,0,1,0,1,0,0,0,0,2
R48914703,0,1,0,1,0,0,0,0,2
R48913153,0,1,0,1,0,0,0,0,2
R48913703,0,1,0,1,0,0,0,0,2
R32033902,0,0,0,0,0,0,0,0,0
R32043712,0,0,0,0,0,0,0,0,0
R32500718,0,0,0,0,0,0,0,0,0
R27243742,0,1,0,0,0,0,0,0,1
R27242742,0,1,0,1,0,0,0,0,2
R27107742,0,1,0,1,0,0,0,0,2
R27108322,0,0,0,1,0,0,0,0,1
R32105353,0,0,0,0,0,0,0,0,0
R30528713,0,0,0,0,0,0,0,0,0
R48916703,0,1,0,1,0,0,0,0,2
R48917703,0,1,0,1,0,0,0,0,2
R32505019,0,0,0,0,0,0,0,0,0
R30527713,0,1,0,0,0,0,0,0,1
R32129152,0,0,0,0,0,0,0,0,0
R32130312,0,0,0,0,0,0,0,0,0
R32129158,0,0,0,0,0,0,0,0,0
R32144102,0,0,0,0,0,0,0,0,0
R32144202,0,1,0,0,0,0,0,0,1
R27007032,0,0,0,0,0,0,0,0,0
R27120402,0,0,0,0,0,0,0,0,0
R27121302,0,0,0,0,0,0,0,0,0
R27122252,0,0,0,0,0,0,0,0,0
R27073012,0,0,0,0,0,0,0,0,0
R32145158,0,0,0,0,0,0,0,0,0
R32145208,0,0,0,0,0,0,0,0,0
R32146208,0,0,0,0,0,0,0,0,0
R30555912,0,0,0,0,0,0,0,0,0
R32136318,0,0,0,0,0,0,0,0,0
R32147162,0,1,0,1,0,0,0,0,2
R32138303,0,0,0,1,0,0,0,0,1
R32137203,0,0,0,0,0,0,0,0,0
R12160103,0,0,0,1,0,0,0,0,1
R12160213,0,0,0,1,0,0,0,0,1
R12160303,0,0,0,0,0,0,0,0,0
R32117708,0,0,0,0,0,0,0,0,0
R32256712,0,0,0,0,0,0,0,0,0
R12163118,0,0,0,0,0,0,0,0,0
R32128162,0,0,0,1,0,0,0,0,1
R30017712,0,1,0,1,0,0,0,0,2
R30017012,0,0,0,0,0,0,0,0,0
R30017722,0,1,0,1,0,0,0,0,2
R30018712,0,0,0,0,0,0,0,0,0
R30018152,0,0,0,0,0,0,0,0,0
R30017732,0,1,0,1,0,0,0,0,2
R30019012,0,0,0,0,0,0,0,0,0
R30019302,0,0,0,0,0,0,0,0,0
R30019712,0,1,0,1,0,0,0,0,2
R30019722,0,1,0,1,0,0,0,0,2
R30019732,0,0,0,0,0,0,0,0,0
R30019742,0,0,0,0,0,0,0,0,0
R30019744,0,1,0,0,0,0,0,0,1
R30020712,0,1,0,0,0,0,0,0,1
R30020742,0,1,0,0,0,0,0,0,1
R30018742,0,1,0,0,0,0,0,0,1
R48912743,0,0,0,1,0,0,0,0,1
R48913743,0,0,0,0,0,0,0,0,0
R22861065,0,0,0,0,0,0,0,0,0
R22865065,0,0,0,0,0,0,0,0,0
R48912303,0,1,0,1,0,0,0,0,2
R48912733,0,0,0,1,0,0,0,0,1
R48912763,0,1,0,1,0,0,0,0,2
R48913303,0,0,0,1,0,0,0,0,1
R48913733,0,0,0,0,0,0,0,0,0
R48913763,0,0,0,0,0,0,0,0,0
R30017302,0,0,0,0,0,0,0,0,0
R32148162,0,0,0,0,0,0,0,0,0
R32259173,0,0,0,0,0,0,0,0,0
R27124162,0,1,0,0,0,0,0,0,1
R27126012,0,0,0,0,0,0,0,0,0
R27125152,0,0,0,0,0,0,0,0,0
R27077102,0,0,0,0,0,0,0,0,0
R27078172,0,0,0,0,0,0,0,0,0
R27080172,0,0,0,0,0,0,0,0,0
R30024732,0,0,0,1,0,0,0,0,1
R30026152,0,0,0,0,0,0,0,0,0
R30022742,0,0,0,1,0,0,0,0,1
R30021152,0,0,0,1,0,0,0,0,1
R30021712,0,1,0,1,0,0,0,0,2
R30022152,0,1,0,0,0,0,0,0,1
R30022712,0,1,0,0,0,0,0,0,1
R30023012,0,1,0,0,0,0,0,0,1
R30023302,0,1,0,1,0,0,0,0,2
R30023712,0,1,0,1,0,0,0,0,2
R30023732,0,1,0,0,0,0,0,0,1
R30024012,0,1,0,0,0,0,0,0,1
R30024302,0,0,0,1,0,0,0,0,1
R30024712,0,0,0,1,0,0,0,0,1
R30025712,0,1,0,0,0,0,0,0,1
R30025742,0,0,0,0,0,0,0,0,0
R30026712,0,1,0,0,0,0,0,0,1
R27072012,0,0,0,0,0,0,0,0,0
R32136323,0,1,0,1,0,0,0,0,2
R27113152,0,0,0,0,0,0,0,0,0
R32259323,0,1,0,0,0,0,0,0,1
R27060742,0,0,0,1,0,0,0,0,1
R27239742,0,0,0,1,0,0,0,0,1
R27239752,0,1,0,0,0,0,0,0,1
R32976912,0,1,0,1,0,0,0,0,2
R32975912,0,0,0,1,0,0,0,0,1
R32110913,0,0,0,0,0,0,0,0,0
R12161253,0,0,0,0,0,0,0,0,0
R12164153,0,0,0,1,0,0,0,0,1
R12160253,0,0,0,0,0,0,0,0,0
R30028902,0,0,0,0,0,0,0,0,0
R30028912,0,0,0,0,0,0,0,0,0
R30008302,0,0,0,0,0,0,0,0,0
R12162153,0,0,0,0,0,0,0,0,0
R32151318,0,0,0,0,0,0,0,0,0
R30008712,0,1,0,1,0,0,0,0,2
R30008742,0,0,0,0,0,0,0,0,0
R14068036,0,0,0,0,0,0,0,0,0
R14068176,0,0,0,0,0,0,0,0,0
R14067176,0,0,0,0,0,0,0,0,0
R14067166,0,0,0,0,0,0,0,0,0
R27083712,0,0,0,0,0,0,0,0,0
R27086712,0,0,0,1,0,0,0,0,1
R30029922,0,0,0,0,0,0,0,0,0
R30029912,0,0,0,0,0,0,0,0,0
R30029902,0,0,0,1,0,0,0,0,1
R30013302,0,1,0,1,0,0,0,0,2
R30012202,0,0,0,0,0,0,0,0,0
R10202319,0,0,0,0,0,0,0,0,0
R10202309,0,0,0,0,0,0,0,0,0
R30032742,0,0,0,0,0,0,0,0,0
R30031742,0,0,0,0,0,0,0,0,0
R30012152,0,0,0,0,0,0,0,0,0
R30037744,0,0,0,0,0,0,0,0,0
R30037742,0,0,0,0,0,0,0,0,0
R30037732,0,1,0,1,0,0,0,0,2
R48914713,0,1,0,1,0,0,0,0,2
R10202209,0,0,0,0,0,0,0,0,0
R10201739,0,0,0,0,0,0,0,0,0
R48915903,0,1,0,1,0,0,0,0,2
R48912163,0,0,0,0,0,0,0,0,0
R48912773,0,1,0,1,0,0,0,0,2
R48913163,0,0,0,0,0,0,0,0,0
R48913903,0,1,0,1,0,0,0,0,2
R27073712,0,0,0,0,0,0,0,0,0
R30029942,0,0,0,0,0,0,0,0,0
R30029932,0,0,0,0,0,0,0,0,0
R27086172,0,0,0,0,0,0,0,0,0
R27115012,0,0,0,0,0,0,0,0,0
R27108112,0,0,0,0,0,0,0,0,0
R27107172,0,0,0,1,0,0,0,0,1
R32022152,0,0,0,0,0,0,0,0,0
R48913403,0,1,0,1,0,0,0,0,2
R48912403,0,1,0,1,0,0,0,0,2
R27086752,0,0,0,0,0,0,0,0,0
R27073752,0,0,0,0,0,0,0,0,0
R12065303,0,0,0,0,0,0,0,0,0
R12064263,0,0,0,0,0,0,0,0,0
R12161733,0,0,0,0,0,0,0,0,0
R32155303,0,1,0,0,0,0,0,0,1
R32154208,0,0,0,0,0,0,0,0,0
R32153208,0,0,0,0,0,0,0,0,0
R12999153,0,1,0,0,0,0,0,0,1
R13578902,0,1,0,0,0,0,0,0,1
R13723172,0,1,0,0,0,0,0,0,1
R13796152,0,1,0,0,0,0,0,0,1
R18682703,0,1,0,0,0,0,0,0,1
R18683203,0,1,0,0,0,0,0,0,1
R20591102,0,1,0,0,0,0,0,0,1
R20692102,0,1,0,0,0,0,0,0,1
R22860712,0,1,0,0,0,0,0,0,1
R22862152,0,1,0,0,0,0,0,0,1
R27655172,0,1,0,0,0,0,0,0,1
R27655752,0,1,0,0,0,0,0,0,1
R27695712,0,1,0,0,0,0,0,0,1
R48748273,0,1,0,0,0,0,0,0,1
R48749223,0,1,0,0,0,0,0,0,1
R48753113,0,1,0,0,0,0,0,0,1
R48754253,0,1,0,0,0,0,0,0,1
R48784903,0,1,0,0,0,0,0,0,1
R48867714,0,1,0,0,0,0,0,0,1
R48869734,0,1,0,0,0,0,0,0,1
R48871714,0,1,0,0,0,0,0,0,1
R48873733,0,2,0,0,0,0,0,0,2
R48873734,0,1,0,0,0,0,0,0,1
R30035712,0,1,0,0,0,0,0,0,1
R30181104,0,1,0,0,0,0,0,0,1
R30183762,0,1,0,0,0,0,0,0,1
R30554022,0,1,0,0,0,0,0,0,1
R30554724,0,1,0,0,0,0,0,0,1
R30555732,0,2,0,0,0,0,0,0,2
R30928153,0,1,0,0,0,0,0,0,1
R30928713,0,0,0,0,0,0,0,0,0
R32040102,0,1,0,0,0,0,0,0,1
R32105153,0,1,0,0,0,0,0,0,1
R12064253,0,0,0,0,0,0,0,0,0
R12999253,0,0,0,0,0,0,0,0,0
R27045162,0,0,0,0,0,0,0,0,0
R27046172,0,0,0,0,0,0,0,0,0
R27062152,0,0,0,0,0,0,0,0,0
R27077202,0,0,0,0,0,0,0,0,0
R27088122,0,0,0,0,0,0,0,0,0
R30122122,0,0,0,0,0,0,0,0,0
R30179114,0,0,0,0,0,0,0,0,0
R30183742,0,0,0,0,0,0,0,0,0
R30935172,0,0,0,0,0,0,0,0,0
R30941702,0,0,0,0,0,0,0,0,0
R30941752,0,0,0,0,0,0,0,0,0
R32130318,0,0,0,0,0,0,0,0,0
R30554103,0,1,0,1,0,0,0,0,2
R30555103,0,0,0,1,0,0,0,0,1
R22882923,0,0,0,0,0,0,0,0,0
R22897913,0,0,0,0,0,0,0,0,0
R27118902,0,0,0,0,0,0,0,0,0
R30183712,0,0,0,0,0,0,0,0,0
R32501206,0,0,0,0,0,0,0,0,0
R48867713,0,0,0,0,0,0,0,0,0
R32259213,0,0,0,0,0,0,0,0,0
R32259113,0,0,0,0,0,0,0,0,0
R32525202,0,0,0,0,0,0,0,0,0
R32185153,0,0,0,0,0,0,0,0,0
R14066182,0,0,0,0,0,0,0,0,0
R22860722,0,0,0,0,0,0,0,0,0
R30935752,0,0,0,0,0,0,0,0,0
R30038712,0,1,0,1,0,0,0,0,2
R30039712,0,1,0,1,0,0,0,0,2
R32192152,0,1,0,0,0,0,0,0,1
R12063103,0,0,0,0,0,0,0,0,0
R12413703,0,0,0,0,0,0,0,0,0
R22878015,0,0,0,0,0,0,0,0,0
R22878313,0,0,0,0,0,0,0,0,0
R27009192,0,0,0,0,0,0,0,0,0
R27113172,0,0,0,0,0,0,0,0,0
R30010312,0,0,0,0,0,0,0,0,0
R30555172,0,0,0,0,0,0,0,0,0
R32500203,0,0,0,0,0,0,0,0,0
R48889743,0,0,0,0,0,0,0,0,0
R27741712,0,0,0,0,0,0,0,0,0
R30183732,0,0,0,0,0,0,0,0,0
R32254312,0,0,0,0,0,0,0,0,0
R32500328,0,0,0,0,0,0,0,0,0
R12413583,0,0,0,0,0,0,0,0,0
R48893743,0,0,0,0,0,0,0,0,0
JC1L228M0075,0,0,0,0,0,0,0,0,0
JC1L168M0055,0,0,0,0,0,0,0,0,0
JC1L163M0215,0,0,0,0,0,0,0,0,0
JC1L189M0075,0,0,0,0,1,0,0,1,2
JC1L248M0025,0,0,0,1,1,0,0,0,2
JC1L230M0045,0,1,0,1,2,2,34,1,41
JC1L228M0055,0,0,0,1,0,0,0,0,1
JC1L226M0035,0,0,0,0,1,0,7,0,8
JC1L248M0085,0,0,1,1,1,0,1,1,5
JC1L209M0045,0,0,0,1,0,2,0,0,3
JC1L224M0025,0,0,0,0,0,0,0,0,0
JC1L168M0035,0,0,0,0,0,0,0,0,0
JC1L226M0055,0,0,0,0,0,0,6,0,6
JC1L223M0025,0,0,0,0,0,0,0,0,0
JC1L230M0035,0,0,0,0,0,0,0,0,0
JC1L226M0045,0,0,0,0,0,0,6,0,6
JC1L230M0075,0,0,0,1,1,2,31,1,36
JC1L209M0055,0,0,0,0,1,2,0,1,4
JC1L163M0225,0,0,0,0,0,0,0,0,0
JC1L228M0085,0,0,0,0,0,0,0,0,0
JC1L225M0015,0,0,0,0,0,0,0,0,0
JC1L189M0015,0,0,0,0,0,0,0,0,0
JC1L209M0075,0,0,0,0,0,2,0,0,2
JC1L222M0055,0,0,0,0,0,0,0,0,0
JC1L113M0025,0,0,0,0,0,0,3,0,3
JC1L186M0055,0,0,0,0,0,0,0,0,0
JC1L227M0065,0,0,0,0,0,0,6,0,6
JC1L247M0045,0,0,0,0,0,0,5,0,5
JC1L247M0035,0,0,0,0,0,0,6,0,6
JC1L264M0035,0,0,0,0,0,0,0,1,1
JC1L225M0085,0,1,0,0,0,0,3,0,4
JC1L226M0065,0,0,0,0,0,0,6,0,6
JC1L251M0025,0,0,0,0,0,0,0,0,0
JC1L163M0245,0,0,0,0,0,0,0,0,0
JC1L186M0025,0,0,0,0,0,0,0,0,0
JC1L248M0035,0,1,0,1,2,2,5,1,12
JC1L271M0035,0,0,0,0,0,0,0,0,0
JC1L193M0015,0,0,0,0,0,0,0,0,0
JC1L208M0055,0,0,0,1,1,2,0,0,4
JC1L184M0025,0,0,0,0,0,0,0,0,0
JC1L186M0065,0,0,0,0,0,0,0,0,0
JC1L228M0035,0,0,0,1,0,0,0,0,1
JC1L222M0035,0,0,0,0,0,0,0,0,0
JC1L230M0065,0,1,0,1,1,1,49,1,54
JC1L247M0025,0,0,0,1,0,0,6,0,7
JC1L232M0065,0,0,0,0,0,0,0,0,0
JC1L248M0045,0,0,0,1,1,0,0,0,2
JC1L251M0075,0,0,0,0,0,0,0,1,1
JC1L251M0045,0,0,0,1,1,2,2,1,7
JC1L222M0065,0,0,0,0,0,0,0,0,0
JC1L227M0035,0,0,0,0,0,0,8,0,8
JC1L226M0025,0,0,0,0,1,0,0,0,1
JC1L248M0065,0,0,0,1,0,2,0,0,3
JC1L208M0025,0,0,0,0,0,0,0,0,0
JC1L223M0065,0,0,0,1,2,1,0,0,4
JC1L264M0075,0,0,0,0,0,0,0,1,1
JC1L247M0055,0,0,0,0,0,0,6,0,6
JC1L248M0075,0,0,0,1,1,1,1,1,5
JC1L168M0045,0,0,0,0,0,0,0,0,0
JC1L163M0275,0,0,0,0,0,0,0,0,0
JC1L268M0055,0,0,0,0,0,1,1,1,3
JC1L248M0055,0,1,0,1,2,1,15,1,21
JC1L228M0065,0,0,0,0,0,0,0,0,0
JC1L168M0085,0,0,0,0,0,0,0,0,0
JC1L228M0045,0,0,0,1,0,0,0,0,1
JC1L073M0075,0,0,0,0,0,0,0,0,0
JC1L247M0075,0,0,0,0,0,0,6,0,6
JC1L306M0015,0,0,0,0,1,0,0,0,1
JC1L163M0255,0,0,0,0,0,0,0,0,0
JC1L167M0055,0,0,0,0,0,0,0,0,0
JC1L302M0055,0,0,0,0,0,1,2,1,4
JC1L163M0065,0,0,0,0,0,0,0,0,0
JC1L183M0015,0,0,0,0,0,0,0,0,0
JC1L222M0025,0,0,0,0,0,0,0,0,0
JC1L305M0015,0,0,0,0,0,0,0,0,0
JC1L306M0075,0,0,1,0,0,1,0,0,2
JC1L305M0065,0,0,1,1,1,2,3,1,9
JC1L230M0015,0,0,0,0,0,0,0,0,0
JC1L269M0045,0,0,0,0,0,1,0,0,1
JC1L227M0025,0,0,0,0,0,0,0,1,1
JC1L185M0015,0,0,0,0,0,0,0,0,0
JC1L073M0025,0,0,0,0,0,0,0,0,0
JC1L264M0015,0,0,0,0,0,0,0,0,0
JC1L112M0025,0,0,0,0,0,0,5,0,5
JC1L264M0025,0,0,0,0,0,0,0,0,0
JC1L228M0025,0,0,0,1,1,0,0,0,2
JC1L022M0025,0,0,0,0,0,0,4,0,4
JC1L190M0065,0,0,0,0,0,0,0,0,0
JC1L225M0095,0,0,0,0,0,0,3,0,3
JC1L226M0015,0,0,0,1,1,1,0,1,4
JC1L114M0065,0,0,0,0,0,0,0,0,0
JC1L306M0065,0,0,0,1,1,1,0,1,4
JC1L001M0135,0,0,0,0,0,0,0,0,0
JC1L304M0055,0,0,0,1,1,1,3,1,7
JC1L208M0035,0,0,0,0,1,2,0,0,3
JC1L305M0055,0,1,0,1,1,2,9,1,15
JC1L270M0035,0,0,0,0,0,0,0,0,0
JC1L251M0065,0,0,0,0,0,0,0,0,0
JC1L306M0055,0,0,1,1,1,1,0,1,5
JC1L227M0045,0,0,0,0,0,0,10,0,10
JC1L022M0045,0,0,0,0,0,0,5,0,5
JC1L305M0045,0,0,0,1,1,1,5,1,9
JC1L306M0035,0,0,0,1,1,2,4,1,9
JC1L224M0065,0,0,0,1,0,0,0,0,1
JC1L224M0075,0,1,0,1,1,2,5,1,11
JC1L112M0045,0,0,0,0,0,0,0,0,0
JC1L209M0035,0,0,0,1,0,1,0,0,2
JC1L209M0065,0,1,0,1,0,0,1,1,4
JC1L167M0015,0,0,0,0,0,0,0,0,0
JC1L229M0045,0,0,0,0,0,0,5,0,5
JC1L227M0075,0,0,0,0,0,0,5,0,5
JC1L230M0055,0,0,0,1,2,1,33,1,38
JC1L208M0065,0,0,0,1,2,1,0,1,5
JC1L224M0045,0,0,0,1,0,0,0,0,1
JC1L208M0075,0,0,0,1,1,1,0,1,4
JC1L230M0025,0,0,1,1,1,0,0,0,3
JC1L270M0055,0,0,0,0,1,1,0,1,3
JC1L304M0075,0,0,0,0,1,0,0,1,2
JC1L269M0055,0,0,1,0,0,0,0,0,1
JC1L270M0065,0,1,1,1,1,1,3,1,9
JC1L209M0025,0,0,0,0,0,0,0,0,0
JC1L268M0045,0,0,0,1,1,1,0,1,4
JC1L251M0055,0,0,0,0,1,1,1,1,4
JC1L264M0045,0,0,0,0,0,0,0,1,1
JC1L067M0045,0,0,0,0,0,0,0,0,0
JC1L193M0025,0,0,0,0,0,0,0,0,0
JC1L190M0045,0,0,0,0,0,0,0,0,0
JC1L190M0075,0,0,0,0,0,0,0,0,0
JC1L190M0035,0,0,0,0,0,0,0,0,0
JC1L270M0045,0,0,0,1,1,0,0,0,2
JC1L304M0045,0,0,0,1,2,0,0,0,3
JC1L305M0035,0,0,0,1,1,1,1,1,5
JC1L302M0045,0,0,0,1,0,1,0,0,2
JC1L306M0025,0,0,0,0,0,1,0,0,1
JC1L228M0015,0,0,0,0,0,0,0,1,1
JC1L113M0045,0,0,0,0,0,0,4,0,4
JC1L251M0015,0,0,0,0,1,0,0,0,1
JC1L264M0065,0,0,0,0,1,0,0,0,1
JC1L306M0045,0,0,0,0,1,0,0,0,1
JC1L022M0035,0,0,0,0,0,0,4,0,4
JC1L229M0025,0,0,0,0,0,0,6,0,6
JC1L112M0055,0,0,0,0,0,0,0,0,0
JC1L163M0045,0,0,0,0,0,0,0,1,1
JC1L193M0065,0,0,0,0,0,0,0,0,0
JC1L268M0065,0,0,0,0,0,0,1,1,2
JC1L232M0015,0,0,0,0,0,0,0,0,0
JC1L227M0055,0,0,0,0,0,0,7,0,7
JC1L167M0035,0,0,0,0,0,0,0,0,0
JC1L184M0045,0,0,0,0,0,0,0,0,0
JC1L271M0045,0,1,2,1,1,1,0,1,7
JC1L271M0065,0,0,1,1,1,1,3,1,8
JC1L189M0065,0,0,0,0,0,0,0,0,0
JC1L189M0055,0,0,0,0,0,0,0,0,0
JC1L223M0015,0,0,0,0,0,0,0,0,0
JC1L224M0035,0,0,0,1,0,0,0,0,1
JC1L224M0055,0,0,0,1,0,0,0,0,1
JC1L224M0095,0,1,0,1,2,1,25,1,31
JC1L229M0055,0,0,0,0,0,0,6,0,6
JC1L247M0065,0,0,0,0,0,0,0,0,0
JC1L208M0045,0,0,0,1,3,1,0,0,5
JC1L271M0015,0,1,0,0,0,0,0,0,1
JC1L304M0065,0,0,0,0,0,0,0,0,0
JC1L249M0015,0,0,0,0,0,0,0,0,0
JC1L222M0045,0,0,0,0,0,0,0,0,0
JC1L249M0035,0,0,0,0,0,0,0,0,0
JC1L269M0065,0,0,0,1,1,1,0,1,4
JC1L189M0085,0,0,0,0,0,0,0,0,0
JC1L249M0065,0,0,0,1,1,0,0,0,2
JC1L001M0025,0,0,0,0,0,0,4,0,4
JC1L190M0055,0,0,0,0,0,0,0,1,1
JC1L227M0085,0,0,0,0,0,0,5,0,5
JC1L302M0035,0,0,0,0,0,0,0,1,1
JC1L229M0035,0,0,0,0,0,0,10,0,10
JC1L223M0055,0,1,0,1,2,1,7,1,13
JC1L223M0045,0,0,0,1,2,1,7,1,12
JC1L229M0085,0,0,0,0,0,0,6,0,6
JC1L163M0035,0,0,0,0,0,0,0,0,0
JC1L225M0065,0,0,0,0,0,0,4,0,4
JC1L304M0025,0,0,0,0,0,1,0,0,1
JC1L209M0015,0,0,0,0,1,0,0,0,1
JC1L168M0075,0,0,0,0,0,0,0,0,0
JC1L185M0025,0,0,0,0,0,0,0,0,0
JC1L193M0055,0,1,0,1,1,0,9,1,13
JC1L185M0035,0,0,0,0,0,0,0,0,0
JC1L269M0035,0,0,0,0,0,0,0,0,0
JC1L249M0025,0,0,0,1,1,1,0,1,4
JC1L249M0045,0,0,0,1,1,1,0,1,4
JC1L269M0075,0,1,1,1,1,1,2,1,8
JC1L113M0035,0,0,0,0,0,0,4,0,4
JC1L209M0085,0,0,0,1,1,0,0,0,2
JC1L223M0035,0,0,0,1,3,1,0,0,5
JC1L193M0045,0,0,0,0,0,0,0,0,0
JC1L073M0015,0,0,0,0,0,0,0,0,0
JC1L073M0065,0,0,0,0,0,0,0,0,0
JC1L268M0015,0,0,0,0,0,0,0,0,0
JC1L189M0035,0,0,0,0,0,0,0,0,0
JC1L184M0015,0,0,0,0,0,0,0,1,1
JC1L229M0015,0,0,0,0,0,0,0,0,0
JC1L249M0055,0,0,0,1,1,0,0,0,2
JC1L304M0035,0,0,0,0,0,0,0,1,1
JC1L225M0105,0,1,0,0,0,0,5,0,6
JC1L222M0075,0,0,0,0,0,0,0,0,0
JC1L163M0265,0,0,0,0,0,0,0,0,0
JC1L222M0015,0,0,0,0,0,0,0,0,0
JC1L073M0045,0,0,0,0,0,0,0,0,0
JC1L269M0025,0,0,0,1,0,0,0,1,2
JC1L302M0025,0,0,0,0,0,1,0,0,1
JC1L248M0015,0,0,1,0,0,0,0,0,1
JC1L177M0035,0,0,0,0,0,0,0,0,0
JC1L190M0025,0,0,0,0,0,0,0,0,0
JC1L186M0035,0,0,0,0,0,0,0,0,0
JC1L177M0055,0,0,0,0,0,0,0,0,0
JC1L264M0055,0,0,0,1,1,0,0,0,2
JC1L227M0015,0,0,0,0,0,0,0,0,0
JC1L225M0035,0,0,0,0,0,0,0,0,0
JC1L186M0045,0,0,0,0,0,0,0,0,0
JC1L302M0065,0,0,0,0,0,0,0,1,1
JC1L305M0025,0,1,0,1,1,1,8,1,13
JC1L073M0055,0,0,0,0,0,0,0,0,0
JC1L224M0015,0,0,0,0,0,0,0,0,0
JC1L115M0035,0,0,0,0,0,0,0,0,0
JC1L268M0035,0,0,0,0,0,0,0,0,0
JC1L251M0035,0,0,0,0,1,0,0,0,1
JC1L001M0035,0,0,0,0,0,0,4,0,4
JC1L001M0045,0,0,0,0,0,0,4,0,4
JC1L001M0055,0,0,0,0,0,0,5,0,5
JC1L001M0065,0,0,0,0,0,0,5,0,5
JC1L001M0115,0,0,0,0,0,0,0,0,0
JC1L001M0125,0,0,0,0,0,0,0,0,0
JC1L001M0155,0,0,0,0,0,0,0,0,0
JC1L001M0165,0,0,0,0,0,0,0,0,0
JC1L022M0055,0,0,0,0,0,0,0,0,0
JC1L022M0065,0,0,0,0,0,0,5,0,5
JC1L022M0075,0,0,0,0,0,0,3,0,3
JC1L067M0015,0,0,0,0,0,0,0,0,0
JC1L067M0025,0,0,0,0,0,0,0,0,0
JC1L067M0035,0,0,0,0,0,0,0,0,0
JC1L067M0055,0,0,0,0,0,0,0,0,0
JC1L067M0065,0,0,0,0,0,0,0,0,0
JC1L073M0035,0,0,0,0,0,0,0,0,0
JC1L112M0035,0,0,0,0,0,0,0,0,0
JC1L114M0055,0,0,0,0,0,0,0,0,0
JC1L114M0075,0,0,0,0,0,0,0,0,0
JC1L115M0025,0,0,0,0,0,0,0,0,0
JC1L115M0045,0,0,0,0,0,0,0,0,0
JC1L115M0055,0,0,0,1,0,0,0,0,1
JC1L163M0015,0,0,0,0,0,0,0,0,0
JC1L163M0025,0,0,0,0,0,0,0,0,0
JC1L163M0055,0,0,0,0,0,0,0,0,0
JC1L163M0075,0,0,0,0,0,0,0,0,0
JC1L163M0085,0,0,0,0,0,0,0,0,0
JC1L163M0235,0,0,0,0,0,0,0,0,0
JC1L167M0025,0,0,0,0,0,0,0,0,0
JC1L167M0045,0,0,0,0,0,0,0,0,0
JC1L167M0065,0,0,0,0,0,0,0,0,0
JC1L177M0025,0,0,0,0,0,0,0,0,0
JC1L182M0015,0,0,0,0,0,0,0,0,0
JC1L182M0025,0,0,0,0,0,0,0,0,0
JC1L182M0035,0,0,0,0,0,0,0,0,0
JC1L183M0025,0,0,0,0,0,0,0,0,0
JC1L183M0035,0,0,0,0,0,0,0,0,0
JC1L184M0035,0,0,0,0,0,0,0,0,0
JC1L189M0045,0,0,0,0,0,0,0,0,0
JC1L193M0035,0,0,0,0,0,0,0,0,0
JC1L208M0015,0,0,0,0,0,0,0,0,0
JC1L224M0085,0,0,0,1,1,1,12,1,16
JC1L225M0025,0,0,0,0,0,0,0,0,0
JC1L225M0055,0,0,0,0,0,0,4,0,4
JC1L247M0015,0,0,0,0,0,0,0,0,0
JC1L225M0045,0,0,0,0,0,0,4,0,4
JC1L225M0075,0,0,0,0,0,0,5,0,5
JC1L304M0015,0,0,0,1,1,0,0,1,3
JC1L301M0025,0,0,0,0,1,0,1,1,3
JC1L301M0035,0,0,0,0,1,0,0,0,1
JC1L301M0045,0,0,0,0,1,0,0,1,2
JC1L301M0055,0,0,0,0,1,0,0,1,2
JC1L301M0065,0,0,0,0,1,1,2,1,5
JC1L301M0075,0,0,0,0,1,1,2,1,5
JC1L303M0015,0,0,0,0,1,1,1,1,4
JC1L303M0025,0,0,0,1,1,1,12,1,16
JC1L303M0035,0,0,0,0,1,0,2,1,4
JC1L303M0045,0,0,0,1,1,1,9,1,13
JC1L303M0055,0,0,0,1,1,1,12,1,16
JC1L303M0065,0,0,0,1,1,1,11,1,15
JC1L321L0015,0,0,0,1,1,1,12,1,16
JC1L321L0025,0,0,0,1,1,1,14,1,18
JC1L321L0035,0,0,0,1,1,1,12,1,16
JC1L321L0045,0,0,0,1,1,1,13,1,17
JC1L321L0055,0,0,0,1,1,1,12,1,16
JC1L321L0065,0,0,0,1,1,1,14,1,18
JC1L322M0035,0,0,0,0,1,1,7,1,10
JC1L322M0055,0,0,0,1,1,1,8,1,12
JC1L323M0035,0,0,0,1,1,1,18,1,22
JC1L323M0055,0,0,0,0,1,1,10,1,13
JC1L323M0065,0,0,0,1,1,1,9,1,13
JC1L322M0015,0,0,0,0,1,0,0,1,2
JC1L322M0025,0,0,0,1,1,1,21,1,25
JC1L322M0045,0,0,0,0,1,0,7,0,8
JC1L322M0065,0,0,0,1,1,1,13,1,17
JC1L323M0015,0,0,0,1,1,1,0,1,4
JC1L323M0025,0,0,0,0,0,1,8,1,10
JC1L323M0045,0,0,0,0,1,1,9,1,12
GW0022L2,0,0,0,1,1,0,0,0,2
GW0022L3,0,1,1,1,1,0,0,1,5
GW0030L2,0,0,0,0,1,0,0,0,1
GW0033L8,0,0,0,0,0,0,0,1,1
GW0202G1,0,1,1,1,1,0,0,1,5
GW0202G2,0,1,1,2,0,0,0,0,4
GW0202G4,0,1,1,1,2,0,2,1,8
GW0202G5,0,0,0,0,0,0,0,0,0
GW0203G9,0,0,0,0,0,0,0,0,0
GW0203G10,0,0,0,0,0,0,0,0,0
GW0260G4,0,0,0,1,1,0,0,0,2
GW0265G7,0,0,0,1,0,0,0,0,1
GW0265G8,0,0,0,1,0,0,0,1,2
GW0265G10,0,0,0,1,0,0,0,0,1
GW0265G12,0,1,1,1,1,0,8,1,13
GW0300L2,0,0,0,0,0,0,0,0,0
GW0300L3,0,1,1,1,1,0,0,0,4
GW0308L5,0,0,0,0,0,0,0,1,1
GW0320L2,0,1,1,1,0,0,0,0,3
GW0354L3,0,0,0,0,0,0,0,0,0
GW0359L1,0,0,0,0,0,0,0,0,0
GW0389G2,0,0,0,0,0,0,0,0,0
GW0401L1,0,0,0,0,0,0,0,0,0
GW0401L2,0,0,0,1,1,0,0,0,2
GW0401L3,0,1,1,1,2,0,0,1,6
GW0404L1,0,0,0,0,0,0,0,0,0
GW0404L2,0,1,1,1,1,0,0,0,4
GW0404L3,0,1,1,1,1,0,11,1,16
GW0438L2,0,0,0,0,0,0,0,0,0
GW0438L3,0,0,0,0,0,0,0,0,0
GW0438L6,0,0,0,0,0,0,0,0,0
GW0452L1,0,0,0,0,1,0,0,0,1
GW0456G1,0,1,1,1,1,0,4,1,9
GW0456G2,0,1,1,1,2,0,0,1,6
GW0456G3,0,0,0,1,0,0,0,1,2
GW0456G5,0,0,0,0,0,0,0,1,1
GW0464L2,0,1,1,1,1,0,0,1,5
GW0464L3,0,0,1,1,0,0,0,1,3
GW0464L5,0,1,1,1,1,0,0,1,5
GW0468L2,0,1,0,1,1,0,0,0,3
GW0468L3,0,0,0,1,0,0,0,0,1
GW0468L4,0,0,0,1,1,0,0,0,2
GW0470L1,0,0,0,0,0,0,0,0,0
GW0470L2,0,1,1,1,1,0,0,0,4
GW0470L3,0,1,0,1,2,0,0,1,5
GW0471L2,0,0,0,1,0,0,0,0,1
GW0471L3,0,0,0,0,1,0,0,0,1
GW0474L2,0,0,0,0,0,0,0,0,0
GW0474L3,0,0,1,1,0,0,0,1,3
GW0476L2,0,0,0,0,0,0,0,0,0
GW0476L3,0,0,0,0,0,0,0,0,0
GW0485L1,0,1,1,1,1,0,3,1,8
GW0485L2,0,1,1,1,1,0,2,1,7
GW0487G1,0,0,0,1,1,0,0,0,2
GW0487G5,0,0,0,0,0,0,0,0,0
GW0490G2,0,0,0,0,0,0,0,0,0
GW0491G3,0,0,0,0,0,0,0,0,0
GW0491G4,0,0,1,1,0,0,0,1,3
GW0493G3,0,0,0,0,0,0,0,0,0
GW0494G2,0,0,0,0,0,0,0,0,0
GW0494G3,0,0,0,0,0,0,0,0,0
GW0497G2,0,0,0,0,0,0,0,0,0
GW0499G1,0,0,0,0,0,0,0,0,0
GW0499G2,0,0,0,0,0,0,0,0,0
GW0499G6,0,0,0,0,0,0,0,0,0
GW0500G1,0,1,1,1,0,0,0,0,3
GW0500G2,0,0,0,1,0,0,0,0,1
GW0502G1,0,0,0,1,0,0,0,0,1
GW0502G2,0,1,1,1,1,0,0,1,5
GW0503G1,0,0,1,1,1,0,0,1,4
GW0503G2,0,1,1,1,1,0,1,1,6
GW0503G3,0,1,1,1,1,0,0,1,5
GW0503G4,0,0,0,1,1,0,0,0,2
GW0504L5,0,0,0,0,0,0,0,0,0
GW0508L2,0,0,1,1,2,0,0,1,5
GW0508L3,0,0,0,1,2,0,0,1,4
GW0509L1,0,1,1,1,1,0,1,1,6
GW0528L1,0,0,0,0,0,0,0,0,0
GW0528L4,0,0,0,0,0,0,0,0,0
GW0530L3,0,1,0,0,1,0,0,0,2
GW0530L4,0,0,0,0,0,0,0,0,0
GW0532L5,0,1,1,0,1,0,0,0,3
GW0534L2,0,0,0,0,0,0,0,0,0
GW0534L3,0,1,0,1,1,0,0,0,3
GW0535L3,0,0,0,0,0,0,0,0,0
GW0535L4,0,1,0,1,1,0,0,0,3
GW0536L2,0,0,0,0,0,0,0,0,0
GW0539G1,0,1,1,0,1,0,0,0,3
GW0539G2,0,1,1,1,2,0,0,1,6
GW0539G3,0,0,1,1,2,0,0,0,4
GW0545L2,0,0,0,0,0,0,0,0,0
GW0549L3,0,0,0,0,0,0,0,0,0
GW0550L1,0,0,0,0,0,0,0,0,0
GW0550L3,0,0,0,0,1,0,0,0,1
GW0552L2,0,0,0,0,0,0,0,0,0
GW0552L3,0,0,0,0,0,0,0,0,0
GW0552L4,0,0,0,0,0,0,0,0,0
GW0555L2,0,0,0,0,1,0,0,1,2
GW0555L4,0,1,0,1,1,0,0,1,4
GW0558L2,0,1,1,1,0,0,0,0,3
GW0558L3,0,1,1,1,0,0,0,1,4
GW0562L3,0,1,0,0,1,0,0,0,2
GW0569G2,0,0,0,0,1,0,0,0,1
GW0569G3,0,0,0,1,1,0,0,0,2
GW0571G2,0,1,1,1,1,0,3,1,8
GW0571G3,0,1,1,1,2,0,0,1,6
GW0571G4,0,1,1,1,1,0,0,1,5
GW0571G5,0,1,1,1,1,0,1,1,6
GW0572G2,0,0,1,1,0,0,0,1,3
GW0572G3,0,1,1,1,1,0,17,1,22
GW0572G4,0,1,1,1,0,0,0,1,4
GW0572G5,0,1,1,1,1,0,4,1,9
GW0573G1,0,0,1,0,0,0,0,0,1
GW0573G2,0,0,0,1,1,0,0,1,3
GW0573G3,0,1,1,2,0,0,0,0,4
GW0574G1,0,0,0,0,0,0,1,0,1
GW0574G2,0,0,0,1,1,0,0,0,2
GW0574G3,0,1,1,1,1,0,2,1,7
GW0575G1,0,0,0,1,1,0,0,1,3
GW0575G2,0,0,0,1,1,0,0,0,2
GW0575G3,0,1,1,1,1,0,2,1,7
GW0575G4,0,1,1,2,0,0,0,0,4
GW0575G5,0,1,1,1,1,0,2,1,7
GW0577G2,0,1,0,1,1,0,0,0,3
GW0582G2,0,1,0,1,0,0,0,0,2
GW0582G3,0,1,1,1,1,0,0,1,5
GW0583G2,0,0,0,1,0,0,0,0,1
GW0591L1,0,0,0,1,1,0,0,0,2
GW0600L2,0,0,0,0,0,0,0,0,0
GW0604L2,0,1,0,0,1,0,0,0,2
GW0604L3,0,0,0,1,1,0,0,1,3
GW0604L4,0,0,0,0,1,0,0,0,1
GW0605L2,0,1,0,1,1,0,0,1,4
GW0605L3,0,0,0,1,1,0,0,0,2
GW0606L2,0,1,1,1,1,0,0,0,4
GW0607L3,0,1,2,1,1,0,2,1,8
GW0608L2,0,0,0,0,0,0,0,0,0
GW0613L2,0,0,0,1,1,0,0,0,2
GW0613L3,0,1,1,1,1,0,0,1,5
GW0614L2,0,0,0,0,0,0,0,0,0
GW0615L2,0,0,0,2,0,0,0,1,3
GW0615L3,0,0,0,0,0,0,0,0,0
GW0616L2,0,1,1,1,2,0,1,1,7
GW0616L3,0,1,1,1,1,0,12,1,17
GW0619L2,0,0,0,0,0,0,0,0,0
GW0620L2,0,0,0,0,0,0,0,0,0
GW0620L3,0,1,1,1,1,0,0,1,5
GW0620L4,0,0,0,1,1,0,0,0,2
GW0621L5,0,0,0,0,1,0,0,0,1
GW0624G2,0,1,0,1,1,0,0,0,3
GW0626G2,0,1,1,1,1,0,0,1,5
GW0626G3,0,1,1,1,1,0,2,1,7
GW0626G4,0,1,1,1,0,0,0,0,3
GW0627G1,0,1,0,1,1,0,0,0,3
GW0627G2,0,1,1,1,1,0,0,1,5
GW0627G3,0,1,1,1,1,0,1,1,6
GW0628G4,0,1,1,1,1,0,3,1,8
GW0629G1,0,0,0,0,0,0,0,0,0
GW0629G3,0,0,0,0,0,0,0,0,0
GW0631G1,0,0,0,0,0,0,0,1,1
GW0631G2,0,0,0,1,0,0,0,0,1
GW0631G3,0,0,0,1,3,0,0,1,5
GW0637G2,0,0,0,0,1,0,0,0,1
GW0637G3,0,1,1,2,1,0,0,1,6
GW0639G2,0,1,1,1,1,0,0,0,4
GW0639G3,0,1,1,1,1,0,5,1,10
GW0640G1,0,0,0,1,1,0,0,0,2
GW0640G2,0,0,0,0,0,0,0,0,0
GW0640G3,0,1,0,1,0,0,0,1,3
GW0641G2,0,0,0,1,0,0,0,0,1
GW0645G2,0,0,0,0,1,0,0,0,1
GW0645G4,0,1,1,1,1,0,0,0,4
GW0653L1,0,0,0,1,0,0,0,0,1
GW0653L2,0,0,0,1,0,0,0,0,1
GW0655L2,0,0,0,0,1,0,0,0,1
GW0655L3,0,0,0,0,0,0,0,0,0
GW0657L2,0,1,1,1,1,0,3,1,8
GW0657L3,0,1,1,1,1,0,9,1,14
GW0658L1,0,0,0,0,0,0,0,1,1
GW0658L2,0,0,0,0,0,0,0,0,0
GW0658L3,0,0,0,1,2,0,0,0,3
GW0661G2,0,0,0,0,2,0,0,0,2
GW0661G3,0,1,1,1,1,0,11,1,16
GW0662G1,0,0,0,1,1,0,0,1,3
GW0662G2,0,0,0,0,0,0,0,0,0
GW0663G1,0,1,0,1,1,0,0,1,4
GW0663G2,0,0,0,0,1,0,0,0,1
GW0663G3,0,1,1,1,1,0,9,1,14
GW0665L1,0,1,0,1,0,0,0,0,2
GW0665L2,0,1,0,1,1,0,0,0,3
GW0667L1,0,0,0,0,0,0,0,0,0
GW0668L2,0,0,0,1,1,0,0,1,3
GW0668L3,0,0,0,0,0,0,0,1,1
GW0670L3,0,0,0,0,0,0,0,0,0
GW0670L4,0,0,0,0,0,0,0,0,0
GW0671L2,0,0,0,0,0,0,0,0,0
GW0671L3,0,1,0,0,1,0,0,0,2
GW0675L2,0,0,0,1,1,0,0,0,2
GW0675L3,0,1,1,1,1,0,14,1,19
GW0679L1,0,0,0,0,0,0,0,0,0
GW0685L3,0,1,1,1,1,0,7,1,12
GW0686L2,0,0,0,0,0,0,0,0,0
GW0686L3,0,1,1,1,1,0,6,1,11
GW0686L4,0,1,0,1,1,0,0,0,3
GW0687L3,0,1,1,1,1,0,5,1,10
GW0694L3,0,0,0,0,0,0,0,0,0
GW0694L4,0,1,1,1,1,0,4,1,9
GW0695L1,0,0,0,0,0,0,0,0,0
GW0695L3,0,0,0,0,0,0,0,0,0
GW0696L3,0,1,0,0,1,0,0,0,2
GW0699L2,0,1,0,0,1,0,0,0,2
GW0701G1,0,0,0,0,0,0,0,0,0
GW0703G1,0,0,0,0,0,0,0,0,0
GW0703G2,0,0,0,0,0,0,0,0,0
GW0703G3,0,0,1,1,1,0,0,2,5
GW0703G4,0,0,0,0,0,0,0,0,0
GW0707G1,0,1,0,1,1,0,0,1,4
GW0707G2,0,0,0,0,0,0,0,0,0
GW0707G3,0,1,1,1,1,0,0,0,4
GW0708G2,0,1,1,2,0,0,1,1,6
GW0708G3,0,1,1,1,1,0,6,1,11
GW0709G2,0,1,0,0,0,0,0,0,1
GW0710G3,0,1,0,0,1,0,0,0,2
GW0712G1,0,0,0,0,0,0,0,0,0
GW0713G1,0,0,0,0,1,0,0,0,1
GW0713G2,0,0,0,1,1,0,0,0,2
GW0714G1,0,1,1,2,1,0,1,1,7
GW0714G2,0,0,0,1,1,0,0,0,2
GW0714G3,0,1,1,1,1,0,14,1,19
GW0714G4,0,1,1,2,1,0,8,1,14
GW0718G1,0,1,1,2,1,0,0,1,6
GW0718G2,0,1,1,2,1,0,1,1,7
GW0720G1,0,0,0,0,0,0,0,0,0
GW0723L1,0,0,0,0,1,0,0,1,2
GW0723L2,0,0,1,1,1,0,0,1,4
GW0725L1,0,0,1,1,1,0,0,1,4
GW0725L2,0,1,1,1,1,0,5,1,10
GW0726G1,0,0,0,0,0,0,0,0,0
GW0727G1,0,0,0,1,0,0,0,0,1
GW0728G1,0,1,1,1,1,0,0,0,4
GW0728G2,0,1,0,1,1,0,0,0,3
GW0729G1,0,1,0,1,1,0,0,0,3
GW0729G2,0,1,1,1,0,0,0,1,4
GW0729G3,0,1,1,1,1,0,6,1,11
W0443L4,0,0,0,0,0,0,0,0,0
W0799G2,0,0,0,0,2,0,0,1,3
W0911L3,0,0,0,1,0,0,0,0,1
W0911L5,0,0,0,1,0,0,0,0,1
W0911L6,0,0,0,1,1,0,0,0,2
W1132G1,0,0,0,0,0,0,0,0,0
W1156L2,0,1,1,1,1,0,0,0,4
W1156L3,0,0,0,1,0,0,0,0,1
W1160L1,0,0,0,0,0,0,0,0,0
W1161G1,0,0,0,1,1,0,0,0,2
W1288L2,0,0,0,0,1,0,0,0,1
GW0219G1,0,0,0,0,0,0,0,0,0
GW0302L3,0,0,0,0,1,0,0,0,1
GW0314L1,0,0,0,0,0,0,0,0,0
GW0322G1,0,0,0,1,0,0,0,1,2
GW0330G3,0,0,0,0,0,0,0,0,0
GW0399L3,0,0,0,0,0,0,0,0,0
GW0410L4,0,0,0,0,0,0,0,0,0
GW0477L3,0,0,0,0,0,0,0,0,0
GW0478L2,0,0,0,0,1,0,0,0,1
GW0479L1,0,0,0,0,1,0,0,0,1
GW0483L2,0,0,0,0,0,0,0,0,0
GW0483L3,0,0,0,0,0,0,0,0,0
GW0483L4,0,0,0,0,1,0,0,0,1
GW0488G1,0,0,0,0,0,0,0,0,0
GW0493G2,0,0,0,0,0,0,0,0,0
GW0528L2,0,0,0,0,1,0,0,0,1
GW0529L1,0,0,0,0,0,0,0,0,0
GW0529L4,0,0,0,0,0,0,0,0,0
GW0547L2,0,0,0,0,1,0,0,0,1
GW0547L3,0,1,0,0,0,0,0,0,1
GW0550L2,0,0,0,1,0,0,0,0,1
GW0557L2,0,1,0,0,1,0,0,0,2
GW0570G1,0,0,0,0,0,0,0,0,0
W1291L2,0,0,0,0,0,0,0,0,0
GW0420G1,0,0,0,0,0,0,0,0,0
GW0420G3,0,0,0,0,0,0,0,0,0
GW0327G2,0,0,0,0,0,0,0,0,0
GW0465L2,0,0,0,0,0,0,0,0,0
GW0320L3,0,0,0,0,0,0,0,0,0
W1070L3,0,0,0,0,0,0,0,1,1
GW0420G2,0,0,0,0,1,0,0,0,1
GW0307L3,0,0,0,0,0,0,0,0,0
GW0308L3,0,0,0,0,1,0,0,0,1
GW0011G4,0,0,0,0,0,0,0,0,0
GW0012G3,0,0,0,0,0,0,0,0,0
GW0029L3,0,0,0,0,0,0,0,0,0
GW0030L3,0,0,0,0,0,0,0,0,0
GW0033L1,0,0,0,0,0,0,0,0,0
GW0033L2,0,0,0,0,0,0,0,0,0
GW0033L3,0,0,0,0,0,0,0,0,0
GW0034L4,0,0,0,0,0,0,0,0,0
GW0044L1,0,0,0,0,0,0,0,0,0
GW0049G1,0,0,0,0,0,0,0,0,0
GW0050G1,0,0,0,0,0,0,0,0,0
GW0057G1,0,0,0,0,0,0,0,0,0
GW0057G2,0,0,0,0,0,0,0,0,0
GW0059G2,0,0,0,0,0,0,0,0,0
GW0094G1,0,0,0,0,0,0,0,0,0
GW0094G2,0,0,0,0,0,0,0,0,0
GW0099L3,0,0,0,0,0,0,0,0,0
GW0102L3,0,0,0,0,0,0,0,0,0
GW0104L3,0,0,0,0,0,0,0,0,0
GW0109L1,0,0,0,0,0,0,0,0,0
GW0114L3,0,0,0,0,0,0,0,0,0
GW0118L4,0,0,0,0,0,0,0,0,0
GW0203G3,0,0,0,0,0,0,0,0,0
GW0203G4,0,0,0,0,0,0,0,0,0
GW0203G5,0,0,0,0,0,0,0,0,0
GW0203G6,0,0,0,0,0,0,0,0,0
GW0203G7,0,0,0,0,0,0,0,0,0
GW0207G1,0,0,0,0,0,0,0,0,0
GW0207G2,0,0,0,0,0,0,0,0,0
GW0216G2,0,0,0,0,0,0,0,0,0
GW0220G1,0,0,0,0,0,0,0,0,0
GW0220G2,0,0,0,0,0,0,0,0,0
GW0220G4,0,0,0,0,0,0,0,0,0
GW0244L1,0,0,0,0,0,0,0,0,0
GW0248G2,0,0,0,0,0,0,0,0,0
GW0250G1,0,0,0,0,0,0,0,0,0
GW0256L1,0,0,0,0,0,0,0,0,0
GW0256L2,0,0,0,0,0,0,0,0,0
GW0257L1,0,0,0,0,0,0,0,0,0
GW0257L2,0,0,0,0,0,0,0,0,0
GW0257L3,0,0,0,0,0,0,0,0,0
GW0260G1,0,0,0,0,0,0,0,0,0
GW0260G2,0,0,0,0,0,0,0,0,0
GW0262G3,0,0,0,0,0,0,0,0,0
GW0263G1,0,0,0,0,0,0,0,0,0
GW0263G2,0,0,0,0,0,0,0,0,0
GW0263G3,0,0,0,0,0,0,0,0,0
GW0263G4,0,0,0,0,0,0,0,0,0
GW0264G3,0,0,0,0,0,0,0,0,0
GW0264G4,0,0,0,0,0,0,0,0,0
GW0265G1,0,0,0,0,0,0,0,0,0
GW0265G2,0,0,0,0,0,0,0,0,0
GW0265G6,0,0,0,0,0,0,0,0,0
GW0265G9,0,0,0,0,0,0,0,0,0
GW0278G2,0,0,0,0,0,0,0,0,0
GW0284L1,0,0,0,0,0,0,0,0,0
GW0300L1,0,0,0,0,0,0,0,0,0
GW0304L3,0,0,0,0,0,0,0,0,0
GW0308L1,0,0,0,0,0,0,0,0,0
GW0308L2,0,0,0,0,0,0,0,0,0
GW0310L2,0,0,0,0,0,0,0,0,0
GW0312L2,0,0,0,0,0,0,0,0,0
GW0312L3,0,0,0,0,0,0,0,0,0
GW0314L2,0,0,0,0,0,0,0,0,0
GW0314L3,0,0,0,0,0,0,0,0,0
GW0315L1,0,0,0,0,0,0,0,0,0
GW0315L2,0,0,0,0,0,0,0,0,0
GW0324G2,0,0,0,0,0,0,0,0,0
GW0325G1,0,0,0,0,0,0,0,0,0
GW0325G2,0,0,0,0,0,0,0,0,0
GW0325G3,0,0,0,0,0,0,0,0,0
GW0326G1,0,0,0,0,0,0,0,0,0
GW0326G2,0,0,0,0,0,0,0,0,0
GW0328G1,0,0,0,0,0,0,0,0,0
GW0329G1,0,0,0,0,0,0,0,0,0
GW0330G2,0,0,0,0,0,0,0,0,0
GW0332G1,0,0,0,0,0,0,0,0,0
GW0334G2,0,0,0,0,0,0,0,0,0
GW0334G3,0,0,0,0,0,0,0,0,0
GW0335G1,0,0,0,0,0,0,0,0,0
GW0335G2,0,0,0,0,0,0,0,0,0
GW0353G2,0,0,0,0,0,0,0,0,0
GW0354L2,0,0,0,0,0,0,0,0,0
GW0355L1,0,0,0,0,0,0,0,0,0
GW0355L2,0,0,0,0,0,0,0,0,0
GW0356L1,0,0,0,0,0,0,0,0,0
GW0357L1,0,0,0,0,0,0,0,0,0
GW0357L2,0,0,0,0,0,0,0,0,0
GW0357L3,0,0,0,0,0,0,0,0,0
GW0358L1,0,0,0,0,0,0,0,0,0
GW0359L2,0,0,0,0,0,0,0,0,0
GW0359L3,0,0,0,0,0,0,0,0,0
GW0361G1,0,0,0,0,0,0,0,0,0
GW0362G4,0,0,0,0,0,0,0,0,0
GW0363G2,0,0,0,0,0,0,0,0,0
GW0368G2,0,0,0,0,0,0,0,0,0
GW0368G3,0,0,0,0,0,0,0,0,0
GW0382L1,0,0,0,0,0,0,0,0,0
GW0382L3,0,0,0,0,0,0,0,0,0
GW0383L1,0,0,0,0,0,0,0,0,0
GW0383L2,0,0,0,0,0,0,0,0,0
GW0385L2,0,0,0,0,0,0,0,0,0
GW0385L3,0,1,0,0,0,0,0,0,1
GW0386G1,0,0,0,0,0,0,0,0,0
GW0386G2,0,0,0,0,0,0,0,0,0
GW0386G3,0,0,0,0,0,0,0,0,0
GW0387G2,0,0,0,0,0,0,0,0,0
GW0387G3,0,0,0,0,0,0,0,0,0
GW0388G1,0,0,0,0,0,0,0,0,0
GW0388G3,0,0,0,0,0,0,0,0,0
GW0389G1,0,0,0,0,0,0,0,0,0
GW0389G3,0,0,0,0,0,0,0,0,0
GW0399L1,0,0,0,0,0,0,0,0,0
GW0402L2,0,0,0,0,0,0,0,0,0
GW0402L3,0,0,0,0,0,0,0,0,0
GW0403L2,0,0,0,0,0,0,0,0,0
GW0403L3,0,0,0,0,0,0,0,0,0
GW0405L1,0,0,0,0,0,0,0,0,0
GW0405L2,0,0,0,0,0,0,0,0,0
GW0405L3,0,0,0,0,0,0,0,0,0
GW0407L1,0,0,0,0,0,0,0,0,0
GW0407L3,0,0,0,0,0,0,0,0,0
GW0408L2,0,0,0,0,0,0,0,0,0
GW0408L3,0,0,0,0,0,0,0,0,0
GW0409L3,0,0,0,0,0,0,0,0,0
GW0410L2,0,0,0,0,0,0,0,0,0
GW0410L3,0,0,0,0,0,0,0,0,0
GW0411L1,0,0,0,0,0,0,0,0,0
GW0411L2,0,0,0,0,0,0,0,0,0
GW0413L2,0,0,0,0,0,0,0,0,0
GW0413L3,0,0,0,0,0,0,0,0,0
GW0415G1,0,0,0,0,0,0,0,0,0
GW0415G2,0,0,0,0,0,0,0,0,0
GW0415G3,0,0,0,0,0,0,0,0,0
GW0419G1,0,0,0,0,0,0,0,0,0
GW0419G2,0,0,0,0,0,0,0,0,0
GW0421G1,0,0,0,0,0,0,0,0,0
GW0422G1,0,0,0,0,0,0,0,0,0
GW0422G2,0,0,0,0,0,0,0,0,0
GW0423G2,0,0,0,0,0,0,0,0,0
GW0423G3,0,0,0,0,0,0,0,0,0
GW0423G4,0,0,0,0,0,0,0,0,0
GW0425G1,0,0,0,0,0,0,0,0,0
GW0425G3,0,0,0,0,0,0,0,0,0
GW0426G2,0,0,0,0,0,0,0,0,0
GW0426G3,0,0,0,0,0,0,0,0,0
GW0428G1,0,0,0,0,0,0,0,0,0
GW0428G2,0,0,0,0,0,0,0,0,0
GW0428G3,0,0,0,0,0,0,0,0,0
GW0439L2,0,0,0,0,0,0,0,0,0
GW0439L4,0,0,0,0,0,0,0,0,0
GW0446G2,0,0,0,0,0,0,0,0,0
GW0451L1,0,0,0,0,0,0,0,0,0
GW0451L2,0,0,0,0,0,0,0,0,0
GW0454G1,0,0,0,0,0,0,0,0,0
GW0454G2,0,0,0,0,0,0,0,0,0
GW0454G3,0,0,0,0,0,0,0,0,0
GW0464L4,0,0,0,0,0,0,0,0,0
GW0465L1,0,0,0,0,0,0,0,0,0
GW0465L5,0,0,0,0,0,0,0,0,0
GW0466L1,0,0,0,0,0,0,0,0,0
GW0466L2,0,0,0,0,0,0,0,0,0
GW0472L2,0,0,0,0,0,0,0,0,0
GW0475L1,0,0,0,0,0,0,0,0,0
GW0477L2,0,0,0,0,0,0,0,0,0
GW0480L1,0,0,0,0,0,0,0,0,0
GW0482L1,0,0,0,0,0,0,0,0,0
GW0482L2,0,0,0,0,0,0,0,0,0
GW0484L1,0,0,0,0,0,0,0,0,0
GW0484L2,0,0,0,0,0,0,0,0,0
GW0486G2,0,0,0,0,0,0,0,0,0
GW0487G4,0,0,0,0,0,0,0,0,0
GW0488G2,0,1,0,0,0,0,0,0,1
GW0488G3,0,0,0,0,0,0,0,0,0
GW0488G4,0,0,0,0,0,0,0,0,0
GW0489G2,0,0,0,0,0,0,0,0,0
GW0490G3,0,0,0,0,0,0,0,0,0
GW0490G4,0,0,0,0,0,0,0,0,0
GW0490G5,0,0,0,0,0,0,0,0,0
GW0491G1,0,0,0,0,0,0,0,0,0
GW0491G2,0,0,0,0,0,0,0,0,0
GW0492G1,0,0,0,0,0,0,0,0,0
GW0492G2,0,0,0,0,0,0,0,0,0
GW0492G3,0,0,0,0,0,0,0,0,0
GW0495G2,0,0,0,0,0,0,0,0,0
GW0495G3,0,0,0,0,0,0,0,0,0
GW0495G4,0,0,0,0,0,0,0,0,0
GW0504L3,0,0,0,0,0,0,0,0,0
GW0530L6,0,0,0,0,0,0,0,0,0
GW0531L1,0,0,0,0,0,0,0,0,0
GW0531L2,0,0,0,0,0,0,0,0,0
GW0536L4,0,0,0,0,0,0,0,0,0
GW0536L5,0,0,0,0,0,0,0,0,0
GW0538G1,0,0,0,0,0,0,0,0,0
GW0538G2,0,0,0,0,0,0,0,0,0
GW0538G3,0,0,0,0,0,0,0,0,0
GW0542G1,0,0,0,0,0,0,0,0,0
GW0542G2,0,0,0,0,0,0,0,0,0
GW0543L1,0,0,0,0,0,0,0,0,0
GW0543L2,0,0,0,0,0,0,0,0,0
GW0543L7,0,0,0,0,0,0,0,0,0
GW0544L2,0,0,0,0,0,0,0,0,0
GW0544L4,0,0,0,0,0,0,0,0,0
GW0548L2,0,0,0,0,0,0,0,0,0
GW0548L3,0,0,0,0,0,0,0,0,0
GW0549L2,0,0,0,0,0,0,0,0,0
GW0551L3,0,0,0,0,0,0,0,0,0
GW0553L4,0,0,0,0,0,0,0,0,0
GW0554L5,0,0,0,0,0,0,0,0,0
GW0555L3,0,0,0,0,0,0,0,0,0
GW0556L2,0,0,0,0,0,0,0,0,0
GW0557L1,0,0,0,0,0,0,0,0,0
GW0565G2,0,0,0,0,0,0,0,0,0
GW0566G1,0,0,0,0,0,0,0,0,0
GW0566G2,0,0,0,0,0,0,0,0,0
GW0568G1,0,0,0,0,0,0,0,0,0
GW0570G2,0,0,0,0,0,0,0,0,0
GW0577G3,0,0,0,0,0,0,0,0,0
GW0578G1,0,0,0,0,0,0,0,0,0
GW0579G1,0,0,0,0,0,0,0,0,0
GW0579G3,0,0,0,0,0,0,0,0,0
GW0581G2,0,0,0,0,0,0,0,0,0
GW0583G3,0,0,0,0,0,0,0,0,0
GW0587L2,0,0,0,0,0,0,0,0,0
GW0587L3,0,0,0,0,0,0,0,0,0
GW0588L1,0,0,0,0,1,0,0,0,1
GW0589L1,0,0,0,0,0,0,0,0,0
V1041M4,0,0,0,0,0,0,0,0,0
W0380G5,0,0,0,0,0,0,0,0,0
W0571L1,0,0,0,0,0,0,0,0,0
W0638L4,0,0,0,0,0,0,0,0,0
W0647L4,0,0,0,0,0,0,0,0,0
W0669G2,0,0,0,0,0,0,0,0,0
W0674G5,0,0,0,0,0,0,0,0,0
W0674G8,0,0,0,0,0,0,0,0,0
W0775L13,0,0,0,0,0,0,0,0,0
W0845L1,0,0,0,0,0,0,0,0,0
W0864G5,0,0,0,0,0,0,0,0,0
W0871G1,0,0,0,0,0,0,0,0,0
W0916G2,0,0,0,0,0,0,0,0,0
W0922G1,0,0,0,0,0,0,0,0,0
W0967G2,0,0,0,0,0,0,0,0,0
W0970G1,0,0,0,0,0,0,0,0,0
W0979L13,0,0,0,0,0,0,0,0,0
W0979L15,0,0,0,0,0,0,0,0,0
W0979L27,0,0,0,0,0,0,0,0,0
W0979L28,0,0,0,0,0,0,0,0,0
W0979L3,0,0,0,0,0,0,0,0,0
W0989L2,0,0,0,0,0,0,0,0,0
W0989L3,0,0,0,0,0,0,0,0,0
W0989L8,0,0,0,0,0,0,0,0,0
W0993L3,0,0,0,0,0,0,0,0,0
W1000G2,0,0,0,0,0,0,0,0,0
W1000G4,0,0,0,0,0,0,0,0,0
W1001G1,0,0,0,0,0,0,0,0,0
W1001G3,0,0,0,0,0,0,0,0,0
W1001G4,0,0,0,0,0,0,0,0,0
W1002G1,0,0,0,0,0,0,0,0,0
W1025L4,0,0,0,0,0,0,0,0,0
W1049G1,0,0,0,0,0,0,0,0,0
W1049G5,0,0,0,0,0,0,0,0,0
W1053L1,0,0,0,0,0,0,0,0,0
W1070L2,0,0,0,0,0,0,0,0,0
W1070L8,0,0,0,0,0,0,0,0,0
W1107G3,0,0,0,0,0,0,0,0,0
W1107G4,0,0,0,0,0,0,0,0,0
W1109G3,0,0,0,0,0,0,0,0,0
W1110G1,0,0,0,0,0,0,0,0,0
W1117L1,0,0,0,0,0,0,0,0,0
W1142L2,0,0,0,0,0,0,0,0,0
W1142L4,0,0,0,0,0,0,0,0,0
W1145L3,0,0,0,0,0,0,0,0,0
W1152L1,0,0,0,0,0,0,0,0,0
W1152L3,0,0,0,0,0,0,0,0,0
W1157L1,0,0,0,0,0,0,0,0,0
W1157L3,0,0,0,0,0,0,0,0,0
W1161G2,0,0,0,0,0,0,0,0,0
W1163G1,0,0,0,0,0,0,0,0,0
W1197L2,0,0,0,0,0,0,0,0,0
W1217G2,0,0,0,0,0,0,0,0,0
W1227L3,0,0,0,0,0,0,0,0,0
W1231L2,0,0,0,0,0,0,0,0,0
W1262G4,0,0,0,0,0,0,0,0,0
W1264G3,0,0,0,0,0,0,0,0,0
W1280L3,0,0,0,0,0,0,0,0,0
W1283L3,0,0,0,0,0,0,0,0,0
W1288L1,0,0,0,0,0,0,0,0,0
W1288L3,0,0,0,0,0,0,0,0,0
W1293L3,0,0,0,0,0,0,0,0,0
W1305G2,0,0,0,0,0,0,0,0,0
W1307G2,0,0,0,0,0,0,0,0,0
W1311G2,0,0,0,0,0,0,0,0,0
W1315G2,0,0,0,0,0,0,0,0,0
W1315G3,0,0,0,0,0,0,0,0,0
GW0565G1,0,0,0,0,0,0,0,0,0
GW0032L3,0,0,0,0,0,0,0,0,0
GW0202G7,0,0,0,0,0,0,0,0,0
GW0248G3,0,0,0,0,0,0,0,0,0
GW0486G4,0,0,0,0,0,0,0,0,0
GW0544L1,0,0,0,0,0,0,0,0,0
GW0308L6,0,1,1,1,1,0,8,1,13
GW0572G6,0,0,0,1,0,0,0,0,1
GW0617L3,0,1,1,1,1,0,5,1,10
GW0745L4,0,1,1,1,1,0,1,1,6
GW0748L2,0,1,1,1,1,0,0,1,5
GW0753L3,0,1,1,1,1,0,0,1,5
GW0753L4,0,1,0,1,1,0,0,1,4
GW0753L5,0,1,1,1,1,0,0,1,5
GW0759L2,0,0,0,0,1,0,0,1,2
GW0759L3,0,0,1,1,0,0,0,1,3
GW0760L1,0,1,1,1,1,0,0,1,5
GW0760L2,0,1,1,1,1,0,6,1,11
GW0760L3,0,1,1,1,1,0,11,1,16
GW0762L1,0,0,0,1,0,0,0,1,2
GW0762L2,0,1,1,1,1,0,12,1,17
GW0762L4,0,1,1,1,1,0,3,1,8
GW0762L5,0,1,1,1,1,0,7,1,12
GW0766L3,0,0,0,1,0,0,0,1,2
GW0767L2,0,1,1,1,1,0,6,1,11
GW0767L3,0,1,1,1,1,0,1,1,6
GW0767L5,0,1,1,1,1,0,2,1,7
GW0768L1,0,0,0,0,0,0,0,0,0
GW0768L2,0,0,0,0,0,0,0,0,0
GW0769L1,0,0,0,1,0,0,0,1,2
GW0769L2,0,1,1,1,1,0,7,1,12
GW0769L3,0,1,1,1,1,0,0,1,5
GW0770L1,0,0,0,1,0,0,0,0,1
GW0770L2,0,1,1,1,1,0,6,1,11
GW0770L3,0,1,1,1,1,0,0,1,5
GW0770L4,0,1,0,1,0,0,0,0,2
GW0770L5,0,1,1,1,1,0,5,1,10
GW0771L2,0,1,1,1,1,0,0,1,5
GW0771L3,0,1,1,1,1,0,2,1,7
GW0774L3,0,0,0,1,1,0,0,1,3
GW0777L3,0,1,1,1,1,0,0,1,5
GW0781G4,0,1,1,1,1,0,0,1,5
GW0781G5,0,1,1,1,1,0,3,1,8
GW0782G1,0,1,1,1,1,0,1,1,6
GW0782G2,0,1,1,1,1,0,13,1,18
GW0782G3,0,0,0,1,1,0,0,1,3
GW0786G2,0,1,1,1,1,0,0,1,5
GW0789G1,0,0,0,0,0,0,0,0,0
GW0790G1,0,1,1,1,0,0,0,0,3
GW0790G2,0,1,1,1,1,0,0,1,5
GW0793G1,0,0,0,1,0,0,0,1,2
GW0793G2,0,1,1,1,1,0,0,1,5
GW0793G3,0,0,0,1,1,0,0,0,2
GW0795G3,0,1,1,1,1,0,8,1,13
GW0796G2,0,1,1,1,1,0,0,1,5
GW0799G2,0,1,1,1,1,0,0,1,5
GW0803G1,0,1,0,1,1,0,0,1,4
GW0804G2,0,1,1,1,1,0,4,1,9
GW0804G4,0,1,1,1,1,0,8,1,13
GW0805G3,0,1,1,1,1,0,4,1,9
GW0833G2,0,1,1,1,1,0,1,1,6
GW0744L2,0,1,1,1,1,0,9,1,14
GW0750L1,0,1,1,1,1,0,7,1,12
GW0752L1,0,1,1,1,1,0,0,1,5
GW0768L3,0,1,1,1,0,0,8,1,12
GW0786G1,0,1,1,1,1,0,15,1,20
GW0833G1,0,1,1,2,0,0,13,1,18
GW0833G3,0,1,1,1,1,0,2,1,7
GW0789G4,0,1,1,1,1,0,5,1,10
GW0795G1,0,1,1,1,1,0,0,1,5
GW0795G2,0,1,1,1,1,0,17,1,22
GW0795G4,0,1,1,1,1,0,15,1,20
GW0800G2,0,1,1,1,1,0,1,1,6
GW0803G2,0,1,1,1,1,0,6,1,11
GW0746L2,0,1,1,1,0,0,5,1,9
GW0800G1,0,1,1,1,1,0,0,1,5
GW0799G1,0,0,0,1,1,0,0,1,3
GW0799G3,0,1,1,1,1,0,0,1,5
GWO613L3,0,0,0,0,0,0,0,0,0
GW0690L4,0,1,1,1,1,0,5,1,10
GW0798G3,0,0,0,0,0,0,0,1,1
GW0765L2,0,1,1,1,1,0,12,1,17
GW0765L1,0,1,1,1,1,0,23,1,28
GW0746L3,0,0,0,1,1,0,0,1,3
GW0767L4,0,1,1,1,1,0,0,1,5
Y24002G2MF,0,0,0,0,0,0,0,0,0
Y24014G9MF,0,0,0,0,0,0,0,0,0
Y70001G7MF,0,0,0,0,0,0,0,0,0
Y70002G2MF,0,0,0,0,0,0,0,0,0
Y81009G9MF,0,0,0,0,0,0,0,0,0
Y83002G5MF,0,0,0,1,1,0,0,0,2
Y83008G1MF,0,0,0,1,1,0,0,1,3
Y89002G2MF,0,0,0,0,0,0,0,0,0
Y92001L1MF,0,0,0,1,0,0,0,0,1
Y92004L2MF,0,0,0,0,0,0,0,0,0
Y92005L1MF,0,0,0,0,0,0,0,0,0
Y96004L1MF,0,0,0,0,0,0,0,0,0
Y98002L1MF,0,0,0,1,0,0,0,0,1
Y98009L3MF,0,0,0,1,0,0,0,0,1
Y99001G2MF,0,1,0,1,1,0,3,1,7
Y99002G7MF,0,1,0,1,0,0,0,1,3
Y99011G9MF,0,0,0,1,0,0,0,1,2
Z01003L1MF,0,0,0,1,1,0,0,0,2
Z01004L1MF,0,1,0,1,2,0,1,1,6
Z01006L9MF,0,0,0,0,0,0,0,0,0
Z01009L4MF,0,0,0,0,0,0,0,0,0
Z01014L1MF,0,0,0,0,0,0,0,1,1
Z01017L3MF,0,0,0,1,1,0,0,0,2
Z01019L9MF,0,0,0,0,0,0,0,0,0
Z05006L2MF,0,0,0,0,0,0,0,0,0
Z07004G7MF,0,0,0,0,0,0,0,1,1
Z07008G9MF,0,0,0,0,0,0,0,0,0
Z12001L9MF,0,0,0,0,0,0,0,0,0
Z12002L4MF,0,1,0,1,0,0,1,1,4
Z12003L1MF,0,0,0,0,0,0,0,1,1
Z13001G7MF,0,0,0,0,0,0,0,0,0
Z13002G7MF,0,0,0,0,0,0,0,0,0
Z14005G2MF,0,0,0,0,1,0,0,0,1
Z14007G9MF,0,0,0,0,0,0,0,0,0
Z14008G7MF,0,0,0,0,0,0,0,1,1
Z14009G9MF,0,0,0,0,0,0,0,0,0
Z14011G7MF,0,0,0,0,1,0,0,0,1
Z15001L1MF,0,0,0,0,1,0,0,1,2
Z15002L1MF,0,0,0,0,0,0,0,0,0
Z16002G2MF,0,0,0,0,0,0,0,0,0
Z16008G7MF,0,0,0,0,0,0,0,0,0
Z17001G9MF,0,0,0,0,0,0,0,0,0
Z17003G2MF,0,0,0,0,0,0,0,0,0
Z18001G2MF,0,0,0,0,0,0,0,1,1
Z18002G5MF,0,0,0,0,0,0,0,0,0
Z18003G9MF,0,0,0,1,1,0,0,0,2
Z18004G9MF,0,0,0,0,0,0,0,0,0
Z18006G7MF,0,0,0,0,0,0,0,0,0
Z20001L4MF,0,1,0,1,0,0,0,0,2
Z20002L1MF,0,0,0,1,0,0,0,1,2
Z20004L9MF,0,0,0,1,1,0,0,1,3
Z20006L1MF,0,1,0,1,0,0,0,1,3
Z21009L1MF,0,0,0,0,0,0,0,0,0
Z25001L1MF,0,0,0,1,1,0,1,1,4
Z26001G7MF,0,0,0,1,1,0,0,1,3
Z32003G7MF,0,0,0,0,0,0,0,1,1
Z33003G5MF,0,0,0,1,1,0,0,1,3
Z35001G7MF,0,0,0,0,0,0,0,0,0
Z35002G9MF,0,0,0,0,0,0,0,0,0
Z36001L3MF,0,0,0,0,0,0,0,0,0
Z37002G2MF,0,0,0,0,0,0,0,0,0
Z37003G3MF,0,0,0,0,0,0,0,0,0
Z38002L1MF,0,0,0,1,0,0,0,1,2
Z38003L3MF,0,0,0,0,0,0,0,0,0
Z39003G7MF,0,0,0,0,0,0,0,0,0
Z39005G3MF,0,0,0,0,0,0,0,0,0
Z40001G2MF,0,0,0,0,0,0,0,0,0
Z40002G9MF,0,0,0,0,0,0,0,0,0
Z41002L1MF,0,1,0,0,0,0,0,1,2
Z43001L1MF,0,1,0,0,0,0,0,0,1
Z43002L1MF,0,0,0,1,0,0,0,0,1
Y27013G9MF,0,0,0,0,0,0,0,0,0
Y56002L1MF,0,0,0,0,0,0,0,0,0
Y81007G7MF,0,0,0,0,1,0,0,0,1
Y81008G2MF,0,0,0,0,0,0,0,0,0
Y83003G2MF,0,0,0,0,0,0,0,0,0
Y85001L1MF,0,0,0,1,0,0,0,0,1
Y85002L1MF,0,0,0,0,1,0,0,0,1
Y87001L2MF,0,1,0,1,0,0,0,1,3
Y87002L1MF,0,0,0,1,0,0,0,0,1
Y88002L1MF,0,0,0,0,0,0,0,0,0
Y88003L1MF,0,0,0,1,0,0,0,0,1
Y92002L1MF,0,1,0,0,0,0,0,1,2
Y96002L1MF,0,0,0,0,1,0,0,0,1
Z03003L1MF,0,0,0,1,0,0,0,0,1
Z05003L1MF,0,0,0,0,1,0,0,1,2
Z07002G2MF,0,0,0,0,1,0,0,0,1
Z07003G9MF,0,1,0,1,1,0,0,1,4
Z13003G9MF,0,0,0,0,0,0,0,0,0
Y78002L1MF,0,0,0,0,1,0,0,0,1
Y89003G2MF,0,0,0,0,0,0,0,0,0
Z46002G9MF,0,0,0,1,1,0,0,0,2
Z50002G7MF,0,0,0,1,1,0,0,0,2
Y70009G5MF,0,0,0,1,1,0,0,0,2
Z44003L1MF,0,0,0,1,1,0,1,0,3
Z45001L9MF,0,0,0,1,0,0,0,0,1
Z46001G2MF,0,0,0,1,1,0,2,0,4
Z48002L1MF,0,0,0,1,1,0,0,0,2
Z48003L6MF,0,0,0,1,1,0,1,0,3
Z49001L1MF,0,0,0,1,1,0,2,0,4
Z50004G9MF,0,0,0,1,1,0,1,0,3
Z52001L1MF,0,0,0,1,1,0,0,0,2
Z52002L9MF,0,0,0,1,1,0,0,0,2
Z44002L9MF,0,0,0,1,1,0,1,0,3
DW00100681,0,0,1,0,0,0,0,0,1
DW00100682,0,1,0,1,0,0,0,0,2
DW00100683,0,0,0,1,0,0,0,0,1
DW00100685,0,0,0,1,0,0,0,0,1
DW00100686,0,0,0,1,0,0,0,0,1
DW00100687,0,0,1,0,0,0,0,0,1
DW00100688,0,1,0,0,0,0,0,0,1
DW00100689,0,0,0,1,0,0,0,0,1
DW00100690,0,0,0,0,0,0,0,0,0
DW00100691,0,0,0,1,0,0,0,0,1
DW00100692,0,0,0,0,0,0,0,0,0
DW00100704,0,0,0,0,0,0,0,0,0
DW00100706,0,1,0,0,0,0,0,0,1
DW00100705,0,0,1,0,0,0,0,0,1
DW00100699,0,1,0,0,0,0,0,0,1
DW00100700,0,0,0,1,0,0,0,0,1
DW00100693,0,0,0,1,0,0,0,0,1
DW00100694,0,0,0,0,0,0,0,0,0
DW00100695,0,0,0,1,0,0,0,0,1
DW00100696,0,0,0,1,0,0,0,0,1
DW00100703,0,0,1,0,0,0,0,0,1
DW00100701,0,1,0,1,0,0,0,0,2
DW00100702,0,0,0,0,0,0,0,0,0
DW00100697,0,0,0,1,0,0,0,0,1
DW00100698,0,0,0,0,0,0,0,0,0
DW00100707,0,0,0,1,0,0,0,0,1
DW00100708,0,0,0,1,0,0,0,0,1
DW00100709,0,0,0,1,0,0,0,0,1
DW00100710,0,1,0,0,0,0,0,0,1
DW00100711,0,1,0,0,0,0,0,0,1
DW00100714,0,1,0,0,0,0,0,0,1
DW00100715,0,1,0,0,0,0,0,0,1
DW00100716,0,1,0,0,0,0,0,0,1
DW00100717,0,0,0,0,0,0,0,0,0
DW00100718,0,0,1,0,0,0,0,0,1
DW00100720,0,1,0,0,0,0,0,0,1
DW00100721,0,1,0,0,0,0,0,0,1
DW00100139,0,0,0,0,0,0,0,1,1
DW00100148,0,0,0,0,0,0,0,0,0
DW00100162,0,1,0,0,0,0,1,1,3
DW00100163,0,0,0,0,0,0,0,1,1
DW00100164,0,0,0,0,0,0,0,1,1
DW00100203,0,1,0,1,0,0,0,1,3
DW00100206,0,0,0,0,0,0,0,1,1
DW00100208,0,1,0,1,0,0,0,1,3
DW00100209,0,1,0,1,0,0,2,1,5
DW00100218,0,0,0,0,0,0,1,1,2
DW00100220,0,0,0,0,0,0,0,0,0
DW00100228,0,0,0,0,0,0,0,1,1
DW00100230,0,1,0,1,0,0,0,1,3
DW00100245,0,0,0,0,0,0,0,1,1
DW00100246,0,0,0,0,0,0,0,1,1
DW00100305,0,0,0,0,0,0,0,1,1
DW00100343,0,0,0,1,0,0,0,0,1
DW00100346,0,0,0,0,0,0,0,0,0
DW00100414,0,0,0,1,0,0,0,0,1
DW00100431,0,0,1,0,0,0,0,1,2
DW00100432,0,1,0,1,0,0,3,1,6
DW00100457,0,1,0,1,0,0,0,1,3
DW00100461,0,0,0,0,0,0,0,0,0
DW00100468,0,0,0,0,0,0,0,0,0
DW00100473,0,0,1,0,0,0,0,0,1
DW00100474,0,1,0,1,0,0,1,1,4
DW00100475,0,0,0,0,0,0,0,0,0
DW00100480,0,1,0,0,0,0,0,1,2
DW00100510,0,1,0,1,0,0,4,1,7
DW00100513,0,0,1,0,0,0,1,1,3
DW00100518,0,1,0,1,0,0,1,1,4
DW00100556,0,0,0,0,0,0,0,1,1
DW00100561,0,0,0,0,0,0,0,1,1
DW00100590,0,0,0,0,0,0,0,0,0
DW00100640K,0,0,0,0,0,0,0,0,0
DW00100642K,0,0,0,0,0,0,0,0,0
DW00100006,0,0,0,1,0,0,1,1,3
DW00100007,0,0,0,1,0,0,0,0,1
DW001000684,0,0,0,1,0,0,0,1,2
DW00100161,0,1,0,0,0,0,1,1,3
DW00100201,0,1,0,1,0,0,5,1,8
DW00100202,0,0,0,1,0,0,1,1,3
DW00100212,0,0,1,1,0,0,2,1,5
DW00100303,0,0,0,1,0,0,1,1,3
DW00100344,0,0,0,1,0,0,0,1,2
DW00100359,0,0,1,1,0,0,0,0,2
DW00100401,0,1,0,1,0,0,0,1,3
DW00100403,0,1,0,0,0,0,2,1,4
DW00100443,0,0,0,1,0,0,0,1,2
DW00100458,0,0,0,1,0,0,1,1,3
DW00100459,0,1,0,1,0,0,3,1,6
DW00100470,0,1,0,1,0,0,1,1,4
DW00100479,0,1,0,1,0,0,0,1,3
DW00100482,0,0,0,1,0,0,0,1,2
DW00100517,0,0,0,1,0,0,0,0,1
DW00100534,0,0,0,1,0,0,0,1,2
DW00100535,0,0,0,1,0,0,0,1,2
DW00100536,0,0,0,1,0,0,0,1,2
DW00100538,0,0,0,1,0,0,0,1,2
DW00100578,0,1,0,0,0,0,0,1,2
DW00100580,0,1,0,1,0,0,0,1,3
DW00100581,0,1,0,1,0,0,0,1,3
DW00100592,0,1,0,1,0,0,0,1,3
DW00100593,0,1,0,1,0,0,0,0,2
DW00100597,0,1,0,1,0,0,1,1,4
DW00100614,0,0,0,1,0,0,0,0,1
DW00100617,0,1,0,1,0,0,0,1,3
DW00100629,0,0,0,1,0,0,0,0,1
DW00100632,0,0,0,1,0,0,0,0,1
DW00100639,0,0,0,1,0,0,0,0,1
DW00100640,0,0,0,0,0,0,0,0,0
DW00100646,0,1,0,1,0,0,0,0,2
DW00100661,0,1,0,1,0,0,0,0,2
DW00100662,0,1,0,1,0,0,0,0,2
DW00100664,0,1,0,1,0,0,0,0,2
DW00100667,0,1,0,1,0,0,0,0,2
DW00100668,0,0,0,1,0,0,0,0,1
DW00100670,0,1,0,1,0,0,0,0,2
DW00100671,0,1,0,1,0,0,0,0,2
DW00100672,0,0,1,1,0,0,0,0,2
DW00100210,0,0,0,1,0,0,0,1,2
DW00100213,0,0,0,1,0,0,1,1,3
DW00100345,0,0,0,1,0,0,0,1,2
DW00100358,0,1,0,0,0,0,0,0,1
DW00100415,0,1,0,1,0,0,0,1,3
DW00100421,0,0,0,0,0,0,0,0,0
DW00100425,0,0,0,0,0,0,0,0,0
DW00100437,0,1,0,0,0,0,0,0,1
DW00100471,0,0,1,0,0,0,2,1,4
DW00100484,0,0,1,1,0,0,0,0,2
DW00100520,0,0,0,0,0,0,0,0,0
DW00100541,0,0,0,1,0,0,0,0,1
DW00100602,0,1,0,0,0,0,0,0,1
DW00100642,0,0,0,1,0,0,0,0,1
DW00100644,0,0,0,0,0,0,0,0,0
DW00100663,0,0,1,1,0,0,0,0,2
DW00100665,0,0,0,0,0,0,0,0,0
DW00100666,0,0,1,0,0,0,0,0,1
DW00100669,0,0,1,0,0,0,0,0,1
DW00100035,0,0,0,0,0,0,0,1,1
DW00100211,0,0,0,0,0,0,0,0,0
DW00100348,0,0,1,0,0,0,0,1,2
DW00100433,0,0,0,0,0,0,0,1,1
DW00100725,0,0,1,0,0,0,0,0,1
DW00100727,0,0,1,0,0,0,0,0,1
DW00100730,0,0,1,0,0,0,0,0,1
DW00100036,0,0,0,0,0,0,0,0,0
DW00100127,0,0,0,0,0,0,0,0,0
DW00100217,0,0,0,0,0,0,1,1,2
DW00100219,0,0,0,0,0,0,0,1,1
DW00100306,0,0,0,0,0,0,1,1,2
DW00100307,0,0,0,0,0,0,0,0,0
DW00100342,0,0,0,0,0,0,0,1,1
DW00100347,0,0,0,0,0,0,0,0,0
DW00100349,0,0,0,0,0,0,0,1,1
DW00100350,0,0,0,0,0,0,0,1,1
DW00100367,0,0,0,0,0,0,0,0,0
DW00100476,0,0,0,0,0,0,0,0,0
DW00100477,0,0,0,0,0,0,0,0,0
DW00100516,0,0,0,0,0,0,0,0,0
DW00100521,0,0,0,0,0,0,0,0,0
DW00100527,0,0,0,0,0,0,0,1,1
DW00100528,0,0,0,0,0,0,0,0,0
DW00100557,0,0,0,0,0,0,0,1,1
DW00100591,0,0,0,0,0,0,0,0,0
DW00100462,0,0,0,0,0,0,0,1,1
DW00100621,0,0,0,0,0,0,0,1,1
DW00100472,0,0,0,0,0,0,0,1,1
DW00100616,0,0,0,0,0,0,0,1,1
DW00100125,0,0,0,0,0,0,0,1,1
DW00100205,0,0,0,0,0,0,0,1,1
DW00100214,0,0,0,0,0,0,0,1,1
DW00100304,0,0,0,0,0,0,0,1,1
DW00100308,0,0,0,0,0,0,0,1,1
DW00100427,0,0,0,0,0,0,0,0,0
DW00100438,0,0,0,0,0,0,0,1,1
DW00100448,0,0,0,0,0,0,0,1,1
DW00100640K,0,0,0,0,0,0,0,0,0
DW00100642K,0,0,0,0,0,0,0,0,0
DW00100646K,0,0,0,0,0,0,0,0,0
DW00100661K,0,0,0,0,0,0,0,1,1
DW00100662K,0,0,0,0,0,0,0,0,0
DW00100663K,0,0,0,0,0,0,0,0,0
DW00100664K,0,0,0,0,0,0,0,0,0
DW00100666K,0,0,0,0,0,0,0,0,0
DW00100667K,0,0,0,0,0,0,2,1,3
DW00100669K,0,0,0,0,0,0,2,1,3
DW00100670K,0,0,0,0,0,0,1,1,2
DW00100671K,0,0,0,0,0,0,0,1,1
DW00100672K,0,0,0,0,0,0,2,1,3
DW00100681K,0,0,0,0,0,0,0,0,0
DW00100682K,0,0,0,0,0,0,0,0,0
DW00100683K,0,0,0,0,0,0,0,1,1
DW00100685K,0,0,0,0,0,0,0,1,1
DW00100686K,0,0,0,0,0,0,0,0,0
DW00100687K,0,0,0,0,0,0,1,1,2
DW00100688K,0,0,0,0,0,0,0,0,0
DW00100689K,0,0,0,0,0,0,0,1,1
DW00100691K,0,0,0,0,0,0,0,1,1
DW00100692K,0,0,0,0,0,0,0,1,1
DW00100693K,0,0,0,0,0,0,0,1,1
DW00100694K,0,0,0,0,0,0,0,0,0
DW00100695K,0,0,0,0,0,0,0,1,1
DW00100696K,0,0,0,0,0,0,0,1,1
DW00100697K,0,0,0,0,0,0,0,1,1
DW00100698K,0,0,0,0,0,0,0,1,1
DW00100699K,0,0,0,0,0,0,0,1,1
DW00100700K,0,0,0,0,0,0,0,1,1
DW00100701K,0,0,0,0,0,0,0,1,1
DW00100702K,0,0,0,0,0,0,0,0,0
DW00100703K,0,0,0,0,0,0,1,1,2
DW00100704K,0,0,0,0,0,0,0,0,0
DW00100705K,0,0,0,0,0,0,0,1,1
DW00100706K,0,0,0,0,0,0,0,1,1
DW00100707K,0,0,0,0,0,0,0,1,1
DW00100708K,0,0,0,0,0,0,0,1,1
DW00100709K,0,0,0,0,0,0,2,1,3
DW00100710K,0,0,0,0,0,0,1,1,2
DW00100711K,0,0,0,0,0,0,2,1,3
DW00100712K,0,0,0,0,0,0,2,1,3
DW00100713K,0,0,0,0,0,0,1,1,2
DW00100714K,0,0,0,0,0,0,2,1,3
DW00100715K,0,0,0,0,0,0,0,0,0
DW00100716K,0,0,0,0,0,0,0,0,0
DW00100717K,0,0,0,0,0,0,0,0,0
DW00100718K,0,0,0,0,0,0,0,0,0
DW00100720K,0,0,0,0,0,0,0,0,0
DW00100721K,0,0,0,0,0,0,0,0,0
DW00100725K,0,0,0,0,0,0,0,1,1
DW00100727K,0,0,0,0,0,0,0,0,0
DW00100730K,0,0,0,0,0,0,0,0,0
DW00100731K,0,0,0,0,0,0,0,0,0
RC5G011L0035,0,0,0,0,0,0,0,0,0
RC5G011M0085,0,0,0,0,0,0,0,0,0
RC5G012M0075,0,0,0,0,1,1,0,0,2
RC5G012M0085,0,0,0,0,0,0,0,0,0
RC5G013L0025,0,0,0,0,1,1,0,0,2
RC5G013L0035,0,0,0,0,1,0,0,0,1
RC5G013M0085,0,0,0,0,1,1,0,0,2
RC5G013M0095,0,0,0,0,0,0,0,0,0
RC5G013M0105,0,0,0,0,0,0,0,0,0
RC5G013M0115,0,0,0,0,1,1,0,0,2
RC5G016M0065,0,0,0,0,1,1,0,0,2
RC5G016M0085,0,0,0,0,1,1,0,0,2
RC5G016P0025,0,0,0,0,0,0,0,0,0
RC5G016P0035,0,0,0,0,0,1,0,0,1
RC5G016P0045,0,0,0,0,0,0,0,0,0
RC5G018M0065,0,0,0,0,1,1,0,0,2
RC5G018M0075,0,0,0,0,1,1,0,0,2
RC5G018M0085,0,0,0,0,1,1,0,0,2
RC5G018M0095,0,0,0,0,0,0,0,0,0
RC5G018P0015,0,0,0,0,1,1,0,0,2
RC5G018P0035,0,0,0,0,1,1,0,0,2
RC5G018P0045,0,0,0,0,0,0,0,0,0
RC5G042L0035,0,0,0,0,0,0,0,0,0
RC5G042M0065,0,0,0,0,0,0,0,0,0
RC5G044M0025,0,0,0,0,0,0,0,0,0
RC5G044M0035,0,0,0,0,0,0,0,0,0
RC5G044M0045,0,0,0,0,0,0,0,0,0
RC5G044P0065,0,0,0,0,0,0,0,0,0
RC5G044P0085,0,0,0,0,1,1,0,0,2
RC5G045L0025,0,0,0,0,0,0,0,0,0
RC5G045L0035,0,0,0,0,0,0,0,0,0
RC5G045M0065,0,0,0,0,0,1,0,0,1
RC5G046L0025,0,0,0,0,0,0,0,0,0
RC5G046M0065,0,0,0,0,0,0,0,0,0
RC5G047L0025,0,0,0,0,1,1,0,0,2
RC5G047L0035,0,0,0,0,1,1,0,0,2
RC5G047L0045,0,0,0,0,0,0,0,0,0
RC5G047M0055,0,0,0,0,0,0,0,0,0
RC5G047M0065,0,0,0,0,1,0,0,0,1
RC5G047M0075,0,0,0,0,0,0,0,0,0
RC5G047M0085,0,0,0,0,1,1,0,0,2
RC5G049M0085,0,0,0,0,0,0,0,0,0
RC5G050M0075,0,0,0,0,0,0,0,0,0
RC5G051M0075,0,0,0,0,0,0,0,0,0
RC5G051M0085,0,0,0,0,0,0,0,0,0
RC5L004M0055,0,0,0,0,0,0,0,0,0
RC5L004M0085,0,0,0,0,0,0,0,0,0
RC5L005M0075,0,0,0,0,0,0,0,0,0
RC5L005M0105,0,0,0,0,0,0,0,0,0
RC5L011L0035,0,0,0,0,0,0,0,0,0
RC5L011M0055,0,0,0,0,0,0,0,0,0
RC5L011M0065,0,0,0,0,0,0,0,0,0
RC5L011M0075,0,0,0,0,0,0,0,0,0
RC5L011M0095,0,0,0,0,0,0,0,0,0
RC5L017M0035,0,0,0,0,0,0,0,0,0
RC5L017M0045,0,0,0,0,0,0,0,0,0
RC5L017M0055,0,0,0,0,0,0,0,0,0
RC5L017M0075,0,0,0,0,0,0,0,0,0
RC5L017M0085,0,0,0,0,0,0,0,0,0
RC5L021L0025,0,0,0,0,0,0,0,0,0
RC5L024M0085,0,0,0,0,0,0,0,0,0
RC5L024M0095,0,0,0,0,0,0,0,0,0
RC5L025M0055,0,0,0,0,0,0,0,0,0
RC5L030M0065,0,0,0,0,0,0,0,0,0
RC5L030M0085,0,0,0,0,0,0,0,0,0
RC5L030M0105,0,0,0,0,0,0,0,0,0
RC5L031M0105,0,0,0,0,0,0,0,0,0
RC5L036M0055,0,0,0,0,0,0,0,0,0
RC5L036M0065,0,0,0,0,0,0,0,0,0
RC5L036M0095,0,0,0,0,0,0,0,0,0
RC5L038M0045,0,0,0,0,0,0,0,0,0
RC5L038M0055,0,0,0,0,0,0,0,0,0
RC5L038M0065,0,0,0,0,0,0,0,0,0
RC5L038M0075,0,0,0,0,0,1,0,0,1
RC5L038M0085,0,0,0,0,0,0,0,0,0
RC5L038M0105,0,0,0,0,0,0,0,0,0
RC5L041M0085,0,0,0,0,1,1,0,0,2
RC5L052M0015,0,0,0,0,1,1,0,0,2
RC5L052M0025,0,0,0,0,0,1,0,0,1
RC5L052M0035,0,0,0,0,0,0,0,0,0
RC5L052M0045,0,0,0,0,0,1,0,0,1
RC5L052M0055,0,0,0,0,0,1,0,0,1
RC5L052M0065,0,0,0,0,0,0,0,0,0
RC5L056M0075,0,0,0,0,0,0,0,0,0
RC5L063M0075,0,0,0,0,0,0,0,0,0
RC5L063M0095,0,0,0,0,0,0,0,0,0
RC5G051M1045,0,0,0,0,0,1,0,0,1
RC5G091M0065,0,0,0,0,0,2,0,0,2
RC5G091M0075,0,0,0,0,0,0,0,0,0
RC5G099M0075,0,0,0,0,1,2,0,0,3
RC5G100M0085,0,0,0,0,1,1,0,0,2
RC5L092M0035,0,0,0,0,0,1,0,0,1
RC5L092M0045,0,0,0,0,1,1,0,0,2
RC5L098M0055,0,0,0,0,0,0,0,0,0
RC5G084M0045,0,0,0,0,1,1,0,0,2
RC5G088M0055,0,0,0,0,1,1,0,0,2
RC5G100L0025,0,0,0,0,1,1,0,0,2
RC5G100L0035,0,0,0,0,1,1,0,0,2
RC5G100M0065,0,0,0,0,1,1,0,0,2
RC5L092M0025,0,0,0,0,1,1,0,0,2
RC5L092M0055,0,0,0,0,1,1,0,0,2
RC5L092M0065,0,0,0,0,0,1,0,0,1
RV1L115M0051,0,0,0,0,0,0,0,0,0
RV1L115M0061,0,0,0,0,0,1,0,0,1
RV1L115M0071,0,0,0,0,0,0,0,0,0
RV1L141M0061,0,0,0,0,1,1,0,0,2
RV1L149M0031,0,0,0,0,0,0,0,0,0
RV1L149M0041,0,0,0,0,0,0,0,0,0
RV1L149M0051,0,0,0,0,1,1,0,0,2
RV1L149M0061,0,0,0,0,0,0,0,0,0
RV1L162M0061,0,0,0,0,0,0,0,0,0
RV2L048M0031,0,0,0,0,0,0,0,0,0
RV1L141M0031,0,0,0,0,0,1,0,0,1
RV1L141M0041,0,0,0,0,0,0,0,0,0
RV1L141M0021,0,0,0,0,0,0,0,0,0
RV1L141M0051,0,0,0,0,0,0,0,0,0
RV1L149M0021,0,0,0,0,0,0,0,0,0
RV1L184M0031,0,0,0,0,0,0,0,0,0
RV1L184M0041,0,0,0,0,0,0,0,0,0
RV1L184M0051,0,0,0,0,0,0,0,0,0
RV1L184M0061,0,0,0,0,1,1,0,0,2
RV1L184M0071,0,0,0,0,0,0,0,0,0
RV1L186M0011,0,0,0,0,0,0,0,0,0
RV1L186M0021,0,0,0,0,0,0,0,0,0
RV1L186M0031,0,0,0,0,0,0,0,0,0
RV1L186M0041,0,0,0,0,0,0,0,0,0
RV1L186M0051,0,0,0,0,0,0,0,0,0
RV1L186M0061,0,0,0,0,0,0,0,0,0
RV1L149M00416,0,0,0,0,0,0,0,0,0
RV1L141M0151,0,0,0,0,0,0,0,0,0
RV1L141M0121,0,0,0,0,1,2,0,0,3
RV1L141M0131,0,0,0,0,1,1,0,0,2
RV1L141M0141,0,0,0,0,1,1,0,0,2
RV1L141M0161,0,0,0,0,1,1,0,0,2
RV1L187M0051,0,0,0,0,1,1,0,0,2
RV1L187M0061,0,0,0,0,1,1,0,0,2
RV1L187M0071,0,0,0,0,1,1,0,0,2
RV1L237M0041,0,0,0,0,1,1,0,0,2
RV1L237M0051,0,0,0,0,0,1,0,0,1
RV1L237M0061,0,0,0,0,1,1,0,0,2
RV1L237M0071,0,0,0,0,0,1,0,0,1
PFB12 BLUE FITNESS TRACKER PRISM,0,0,0,0,0,0,0,0,0
PFB14 GOLDEN BLACK FITNES TRACK PACE PRO,0,0,0,0,0,0,0,0,0
PFB15 Space Black Cosmos Pro,0,0,0,0,0,0,0,0,0
PFB207 MIDNIGHT GOLD VAST,0,0,0,0,0,0,0,0,0
PFB208 COOL GREY ACTIV,0,0,0,0,0,0,0,0,0
PFB208 JET BLACKACTIV,0,0,0,0,0,0,0,0,0
PFB209 JET BLACK RIO,0,0,0,0,0,0,0,0,0
PFB209 MOONLIGHT GREY RIO,0,0,0,0,0,0,0,0,0
PFB209 WINTER BLUE RIO,0,0,0,0,0,0,0,0,0
PFB211 NEO PUNK GREEN,0,0,0,0,0,0,0,0,0
PFB211 NEO JET BLACK,0,0,0,0,0,0,0,0,0
PFB31 JET BLACK MATRIX,0,0,0,0,0,0,0,0,0
PFB31 WISKEY BROWN MATRIX,0,0,0,0,0,0,0,0,0
PFB32 IVORY GOLD COSMOS PRIME,0,0,0,0,0,0,0,0,0
PFB32 JET BLACK SILICON COSMOS PRIME,0,0,0,0,0,0,0,0,0
PFB32 MIDNIGHT BLUE,0,0,0,0,0,0,0,0,0
PFB32 MINT GREEN COSMOS PRIME,0,0,0,0,0,0,0,0,0
PFB36 GLACIER BLUE COSMOS ENDURE,0,0,0,0,0,0,0,0,0
PFB36 MILITARY GREEN COSMOS ENDURE,0,0,0,0,0,0,0,0,0
PFB49 WILDFIRE ORANGEASTRA,0,0,0,0,0,0,0,0,0
PFB51 MIDNIGHT BLACK Enigma,0,0,0,0,0,0,2,0,2
PFB51 SALAMANDER ORANGE Enigma,0,0,0,0,0,0,0,0,0
PFB51 STARLIGHT GREY Enigma,0,0,0,0,0,0,0,0,0
PFB51 TRUFFLE BROWN Enigma,0,0,0,0,0,0,0,0,0
PFB56 JET BLACK NOMAD,0,0,0,0,0,0,2,0,2
PFB59 JET BLACK URBANE,0,0,0,0,0,0,0,0,0
PFB59 MIDNIGHT BLUE URBANE,0,0,0,0,0,0,0,0,0
PFB62 TRIO,0,0,1,0,0,0,0,0,1
PFB63 JET BLACK ELEVATE,0,0,0,0,0,0,0,0,0
PFB63 METAL BLACK CHAIN ELEVATE,0,0,1,0,0,0,0,0,1
PFB63 MISTY GREY ELEVATE,0,0,0,0,0,0,0,0,0
PFB63 METAL SILVER ELEVATE,0,0,1,0,0,0,0,0,1
PFB64 FORTE,0,0,1,0,0,0,0,0,1
PFB65 VENETIAN RED MAGNUM,0,0,0,0,0,0,0,0,0
PFB66 RUST ORANGE VALOR,0,0,0,0,0,0,0,0,0
PFB66 MISTY GREY VALOR,0,0,0,0,0,0,1,0,1
PFB69 JET BLACK ZEST,0,0,0,0,0,0,0,0,0
PFB69 Midnight Blue Zest,0,0,0,0,0,0,0,0,0
PFB69 MISTY GREY ZEST,0,0,0,0,0,0,0,0,0
PFB71 BLUE LEATHER ZENITH,0,0,0,0,0,0,0,0,0
PFB71 METAL BLACK ZENITH,0,0,0,0,0,0,0,0,0
PFB71 METAL GOLD ZENITH,0,0,0,0,0,0,0,0,0
PFB71 METAL SILVER ZENITH,0,0,0,0,0,0,0,0,0
PFB72 METAL BLACK RITZ,0,0,0,0,0,0,0,0,0
PFB73 JET BLACK VISTA,0,0,0,0,0,0,0,0,0
PFB73 ROSE GOLD VISTA,0,0,0,0,0,0,0,0,0
PFB73 Silver VISTA,0,0,0,0,0,0,0,0,0
PFB76 JET BLACK Silicone Active,0,0,0,0,0,0,0,0,0
PFB77 JET BLACK OSLO,0,0,1,0,0,0,0,0,1
PFB77 BURNT ORANGE OSLO,0,0,1,0,0,0,0,0,1
PFB78 ROCKEY GREY NOMAD PRO,0,0,2,0,0,0,0,0,2
PFB79 PINE GREEN ROYALE,0,0,0,0,0,0,0,0,0
PFB81 IVORY GOLD STRAP VAMA,0,0,0,0,0,0,0,0,0
PFB82 COBALT BLUE ROYALE LEGEND,0,0,1,0,0,0,0,0,1
PFB82 BLACK ONXY ROYALE LEGEND,0,0,1,0,0,0,0,0,1
PFB82 WHISKEY BROWN ROYALE LEGEND,0,0,1,0,0,0,0,0,1
ECM-2003,0,0,0,0,0,0,1,0,1
ECM-2006,0,0,0,0,0,0,1,0,1
ECM-2102,0,0,0,0,0,0,1,0,1
ECM-2104,0,0,0,0,0,0,2,0,2
ECM-2105,0,0,0,0,0,0,0,0,0
ECM-2106,0,0,0,0,0,0,1,0,1
ECM-2119,0,0,0,0,0,0,0,0,0
ECM-2201,0,0,0,0,0,0,1,0,1
ECM-2202,0,0,0,0,0,0,0,0,0
ECM-2203,0,0,0,0,0,0,0,0,0
ECM-2211,0,0,1,0,0,0,2,0,3
ECM-2401,0,0,0,0,0,0,1,0,1
ECM-2405,0,0,0,0,0,0,2,0,2
ECM-2406,0,0,0,0,0,0,1,0,1
ECM-2408,0,0,0,0,0,0,0,0,0
ECM-2414,0,0,0,0,0,0,1,0,1
ECM-2415,0,0,0,0,0,0,1,0,1
ECM-2424,0,0,1,0,0,0,2,0,3
ECM-2425,0,0,0,0,0,0,2,0,2
ECM-2428,0,0,1,0,0,0,1,0,2
ECM-2430,0,0,0,0,0,0,2,0,2
ECM-2431,0,0,0,0,0,0,1,0,1
ECM-2502,0,0,0,0,0,0,0,0,0
ECM2503,0,0,0,0,0,0,2,0,2
ECM-2602,0,0,0,0,0,0,2,0,2
ECM-2603,0,0,0,0,0,0,1,0,1
ECM-2604,0,0,0,0,0,0,3,0,3
ECM-2606,0,0,0,0,0,0,1,0,1
ECM-2611,0,0,0,0,0,0,1,0,1
ECM-2613,0,0,1,0,0,0,1,0,2
ECM-2617,0,0,0,0,0,0,3,0,3
ECM-2621,0,0,1,0,0,0,2,0,3
ECM-2622,0,0,0,0,0,0,1,0,1
ECM-2623,0,0,0,0,0,0,2,0,2
ECM-2626,0,0,0,0,0,0,3,0,3
ECM-2627,0,0,0,0,0,0,2,0,2
ECM-2629,0,0,0,0,0,0,2,0,2
ECM-2630,0,0,0,0,0,0,1,0,1
ECM-2631,0,0,0,0,0,0,1,0,1
ECM-2709,0,0,0,0,0,0,1,0,1
ECM-2711,0,0,0,0,0,0,2,0,2
ECM-2712,0,0,0,0,0,0,0,0,0
ECM-2716,0,0,0,0,0,0,2,0,2
ECM-2806,0,0,0,0,0,0,1,0,1
ECM-2808,0,0,0,0,0,0,1,0,1
ECM-2901,0,0,0,0,0,0,0,0,0
ECM-2902,0,0,0,0,0,0,2,0,2
ECM-2903,0,0,0,0,0,0,3,0,3
ECM-2905,0,0,0,0,0,0,1,0,1
ECM-2906,0,0,0,0,0,0,0,0,0
ECM-2907,0,0,0,0,0,0,4,0,4
ECM-2914,0,0,0,0,0,0,1,0,1
ECM-2915,0,0,0,0,0,0,2,0,2
ECM-2918,0,0,0,0,0,0,4,0,4
ECM-2921,0,0,0,0,0,0,1,0,1
ECM-2925,0,0,0,0,0,0,1,0,1
ECM-2926,0,0,0,0,0,0,0,0,0
ECM-2928,0,0,0,0,0,0,1,0,1
ECM-2930,0,0,0,0,0,0,1,0,1
ECM-2932,0,0,0,0,0,0,1,0,1
ECM-2934,0,0,0,0,0,0,2,0,2
FS-1128,0,0,0,0,0,0,0,0,0
FS-1558,0,0,0,0,0,0,2,0,2
FS-606,0,0,0,0,0,0,5,0,5
FS-709,0,0,0,0,0,0,1,0,1
SRD-402,0,0,1,0,0,0,1,0,2
SRD-508,0,0,0,0,0,0,2,0,2
SRD-509,0,0,1,0,0,0,0,0,1
SRD-603,0,0,0,0,0,0,0,0,0
SRD-608,0,0,0,0,0,0,2,0,2
SRS- 883,0,0,0,0,0,0,4,0,4
SRS-1000,0,0,0,0,0,0,1,0,1
SRS-1008,0,0,0,0,0,0,3,0,3
SRS-1020,0,0,0,0,0,0,3,0,3
SRS-117,0,0,0,0,0,0,0,0,0
SRS-262,0,0,0,0,0,0,2,0,2
SRS-320,0,0,0,0,0,0,1,0,1
SRS-321,0,0,0,0,0,0,1,0,1
SRS-371,0,0,0,0,0,0,2,0,2
SRS-404,0,0,0,0,0,0,4,0,4
SRS-446,0,0,0,0,0,0,1,0,1
SRS-451,0,0,2,0,0,0,0,0,2
SRS-463,0,0,0,0,0,0,2,0,2
SRS-468,0,0,0,0,0,0,1,0,1
SRS-475,0,0,0,0,0,0,1,0,1
SRS-491,0,0,0,0,0,0,3,0,3
SRS-506,0,0,0,0,0,0,1,0,1
SRS-520,0,0,0,0,0,0,1,0,1
SRS-552,0,0,0,0,0,0,1,0,1
SRS-555,0,0,0,0,0,0,1,0,1
SRS-556,0,0,0,0,0,0,1,0,1
SRS-559,0,0,0,0,0,0,1,0,1
SRS-579,0,0,1,0,0,0,0,0,1
SRS-581,0,0,0,0,0,0,1,0,1
SRS-600,0,0,0,0,0,0,1,0,1
SRS-621,0,0,0,0,0,0,1,0,1
SRS-641,0,0,1,0,0,0,0,0,1
SRS-664,0,0,1,0,0,0,0,0,1
SRS-666,0,0,0,0,0,0,1,0,1
SRS-668,0,0,0,0,0,0,1,0,1
SRS-680,0,0,0,0,0,0,1,0,1
SRS-697,0,0,0,0,0,0,1,0,1
SRS-699,0,0,0,0,0,0,1,0,1
SRS-701,0,0,1,0,0,0,0,0,1
SRS-705,0,0,0,0,0,0,1,0,1
SRS-728,0,0,0,0,0,0,3,0,3
SRS-732,0,0,1,0,0,0,0,0,1
SRS-737,0,0,0,0,0,0,1,0,1
SRS-738,0,0,0,0,0,0,3,0,3
SRS-746,0,0,0,0,0,0,3,0,3
SRS-752,0,0,0,0,0,0,2,0,2
SRS-760,0,0,0,0,0,0,1,0,1
SRS-761,0,0,0,0,0,0,5,0,5
SRS-768,0,0,0,0,0,0,3,0,3
SRS-783,0,0,1,0,0,0,0,0,1
SRS-802,0,0,0,0,0,0,1,0,1
SRS-828,0,0,0,0,0,0,1,0,1
SRS-834,0,0,0,0,0,0,3,0,3
SRS-836,0,0,0,0,0,0,4,0,4
SRS-837,0,0,0,0,0,0,3,0,3
SRS-880,0,0,1,0,0,0,1,0,2
SRS-881,0,0,0,0,0,0,1,0,1
SRS-882,0,0,0,0,0,0,3,0,3
SRS-886,0,0,0,0,0,0,2,0,2
SRS-887,0,0,0,0,0,0,1,0,1
SRS-969,0,0,0,0,0,0,0,0,0
SRS-972,0,0,0,0,0,0,5,0,5
SRS-975,0,0,0,0,0,0,3,0,3
SRS-976,0,0,1,0,0,0,5,0,6
SRS-978,0,0,0,0,0,0,3,0,3
SRS-980,0,0,1,0,0,0,0,0,1
SRS-982,0,0,0,0,0,0,4,0,4
SRS-983,0,0,0,0,0,0,3,0,3
SRS-984,0,0,0,0,0,0,1,0,1
SRS-985,0,0,0,0,0,0,2,0,2
SRS-986,0,0,0,0,0,0,3,0,3
SRS-987,0,0,0,0,0,0,1,0,1
SRS-988,0,0,0,0,0,0,3,0,3
SRS-990,0,0,0,0,0,0,2,0,2
SRS-993,0,0,0,0,0,0,3,0,3
ECM-2411,0,0,0,0,0,0,1,0,1
ECM-2121,0,0,0,0,0,0,4,0,4
ECM-2122,0,0,0,0,0,0,4,0,4
ECM-2301,0,0,0,0,0,0,2,0,2
ECM-2302,0,0,0,0,0,0,2,0,2
ECM-2403,0,0,0,0,0,0,2,0,2
ECM-2417,0,0,0,0,0,0,2,0,2
ECM-2418,0,0,0,0,0,0,3,0,3
ECM-2421,0,0,0,0,0,0,2,0,2
ECM-2601,0,0,0,0,0,0,0,0,0
ECM-2605,0,0,0,0,0,0,3,0,3
ECM-2609,0,0,0,0,0,0,2,0,2
ECM-2620,0,0,0,0,0,0,1,0,1
ECM-2624,0,0,0,0,0,0,1,0,1
ECM-2628,0,0,1,0,0,0,1,0,2
ECM-2701,0,0,0,0,0,0,2,0,2
ECM-2703,0,0,0,0,0,0,2,0,2
ECM-2705,0,0,0,0,0,0,2,0,2
ECM-2706,0,0,0,0,0,0,2,0,2
ECM-2937,0,0,0,0,0,0,8,0,8
ECM-2938,0,0,0,0,0,0,2,0,2
SRD-506,0,0,0,0,0,0,0,0,0
SRD-601,0,0,0,0,0,0,0,0,0
SRS-1034,0,0,0,0,0,0,3,0,3
SRS-1072,0,0,0,0,0,0,2,0,2
SRS-1073,0,0,0,0,0,0,3,0,3
SRS-1074,0,0,0,0,0,0,2,0,2
SRS-1076,0,0,0,0,0,0,2,0,2
SRS-1077,0,0,0,0,0,0,1,0,1
SRS-1079,0,0,0,0,0,0,5,0,5
SRS-1080,0,0,0,0,0,0,2,0,2
SRS-1081,0,0,0,0,0,0,2,0,2
SRS-133,0,0,0,0,0,0,3,0,3
SRS-210,0,0,0,0,0,0,2,0,2
SRS-215,0,0,0,0,0,0,2,0,2
SRS-380,0,0,0,0,0,0,2,0,2
SRS-394,0,0,0,0,0,0,2,0,2
SRS-397,0,0,0,0,0,0,3,0,3
SRS-490,0,0,0,0,0,0,2,0,2
SRS-532,0,0,0,0,0,0,2,0,2
SRS-551,0,0,0,0,0,0,1,0,1
SRS-557,0,0,0,0,0,0,2,0,2
SRS-576,0,0,1,0,0,0,1,0,2
SRS-584,0,0,0,0,0,0,1,0,1
SRS-646,0,0,0,0,0,0,2,0,2
SRS-647,0,0,0,0,0,0,2,0,2
SRS-675,0,0,0,0,0,0,3,0,3
SRS-703,0,0,0,0,0,0,2,0,2
SRS-717,0,0,0,0,0,0,1,0,1
SRS-726,0,0,0,0,0,0,0,0,0
SRS-879,0,0,0,0,0,0,3,0,3
SRS-970,0,0,0,0,0,0,1,0,1
SRS-977,0,0,0,0,0,0,1,0,1
SRS-991,0,0,0,0,0,0,2,0,2
SRS-994,0,0,0,0,0,0,2,0,2
SRS-995,0,0,0,0,0,0,3,0,3
SRS-996,0,0,0,0,0,0,2,0,2
SRS-997,0,0,0,0,0,0,1,0,1
SRS-998,0,0,0,0,0,0,3,0,3
SRS-999,0,0,0,0,0,0,2,0,2
SRS-1082,0,0,0,0,0,0,5,0,5
SRS-1078,0,0,0,0,0,0,1,0,1
SRS-1040,0,0,0,0,0,0,2,0,2
V12040015,0,1,0,0,0,0,0,0,1
V12060017,0,1,0,0,0,0,0,0,1
V16060017,0,0,0,1,0,0,0,0,1
VE2R00322,0,1,0,0,0,0,0,0,1
VE2U00622,0,0,0,1,0,0,0,0,1
VE2W00322,0,1,0,0,0,0,0,0,1
VE2W00622,0,0,0,1,0,0,0,0,1
VE6H00723,0,0,0,0,0,0,0,0,0
VEAA01420,0,1,0,0,0,0,0,0,1
VEBQ01719,0,0,0,1,0,0,0,0,1
VECO03122,0,0,0,1,0,0,0,0,1
VECO03222,0,1,0,0,0,0,0,0,1
VEK400821,0,1,0,0,0,0,0,0,1
VELV00620,0,0,0,1,0,0,0,0,1
VEPM00420,0,1,0,0,0,0,0,0,1
VEPN00520,0,0,0,0,0,0,0,0,0
VERE02120,0,1,0,0,0,0,0,0,1
VERE02320,0,0,0,1,0,0,0,0,1
VERE02420,0,1,0,0,0,0,0,0,1
VESN00722,0,1,0,0,0,0,0,0,1
VESN00922,0,1,0,0,0,0,0,0,1
VET300921,0,1,0,0,0,0,0,0,1
VEVI00620,0,0,0,1,0,0,0,0,1
VEVK00320,0,0,0,1,0,0,0,0,1
VEVK00420,0,0,0,1,0,0,0,0,1
VEVK00720,0,0,0,0,0,0,0,0,0
VEZ200421,0,0,0,0,0,0,0,0,0
VEZ200521,0,0,0,1,0,0,0,0,1
VEZ300621,0,0,0,1,0,0,0,0,1
VEZ400521,0,0,0,1,0,0,0,0,1
VEZ600321,0,0,0,1,0,0,0,0,1
VEZ600421,0,0,0,1,0,0,0,0,1
VE3I00422,0,0,0,0,0,0,0,0,0
VEU300421,0,0,0,0,0,0,0,0,0
VEVK00520,0,0,0,0,0,0,0,0,0
VE6K00523,0,0,0,0,0,1,0,0,1
VE7G00423,0,0,0,0,0,1,0,0,1
VE7F00523,0,0,0,0,0,1,0,0,1
VE7E00423,0,0,0,0,0,1,0,0,1
VE7F00423,0,0,0,0,0,1,0,0,1
VE7B00323,0,0,0,0,0,1,0,0,1
VE8G00424,0,0,0,0,0,1,0,0,1
VE8Q00424,0,0,0,0,0,1,0,0,1
VE8Q00524,0,0,0,0,0,1,0,0,1
VE7G00223,0,0,0,0,0,1,0,0,1
VE8F00324,0,0,0,0,0,1,0,0,1
VEVI00420,0,0,0,0,0,1,0,0,1
VE1D02023,0,0,0,0,0,1,0,0,1
VE2CA0723,0,0,0,0,0,1,0,0,1
VE2S00422,0,0,0,0,0,1,0,0,1
VE2U00522,0,0,0,0,0,1,0,0,1
VE8I00624,0,0,0,0,0,1,0,0,1
VE8D00424,0,0,0,0,0,1,0,0,1
VE9CA0224,0,0,0,0,0,1,0,0,1
VE9CA0324,0,0,0,0,0,1,0,0,1
VEOCA0324,0,0,0,0,0,1,0,0,1
VEZ600723,0,0,0,0,0,1,0,0,1
CE1107,0,0,1,0,0,0,0,0,1
CE1108,0,0,0,0,0,1,0,0,1
CE1111,0,1,0,0,0,0,0,0,1
CE1112,0,2,0,0,0,0,0,0,2
CE1114,0,0,0,0,0,0,0,0,0
CE1121,0,0,0,0,0,0,0,0,0
CE5027,0,1,1,1,0,0,0,0,3
CE5028,0,0,0,0,0,1,0,0,1
CE5029,0,1,0,0,0,0,0,0,1
ES2811,2,1,1,1,0,1,0,0,6
ES3284,2,1,1,1,0,0,0,0,5
ES3405,0,0,0,0,0,0,0,0,0
ES3545,2,1,1,1,0,1,0,0,6
ES3546,0,1,0,1,0,0,0,0,2
ES3716,0,0,0,0,0,1,0,0,1
ES4274,0,0,1,0,0,0,0,0,1
ES4301,0,0,0,1,0,1,0,0,2
ES4318,0,0,0,0,0,0,0,0,0
ES4319,0,0,0,0,0,0,0,0,0
ES4342,0,0,0,0,0,0,0,0,0
ES4433,0,0,0,0,0,0,0,0,0
ES4447,0,0,0,0,0,0,0,0,0
ES4519,0,1,0,1,0,0,0,0,2
ES4628,0,0,0,0,0,0,0,0,0
ES4745,0,1,1,0,0,0,0,0,2
ES4746,0,1,0,1,0,1,0,0,3
ES4748,0,0,0,0,0,0,0,0,0
ES5070,0,0,0,0,0,0,0,0,0
ES5087,0,0,1,0,0,0,0,0,1
ES5098,0,1,0,0,0,1,0,0,2
ES5106,0,0,1,0,0,0,0,0,1
ES5109,0,0,0,0,0,0,0,0,0
ES5131,0,1,1,0,0,0,0,0,2
ES5159,0,0,0,0,0,0,0,0,0
ES5165,0,0,0,1,0,0,0,0,1
ES5198,0,0,0,0,0,0,0,0,0
ES5216,1,1,1,1,0,1,0,0,5
ES5218,0,0,0,0,0,0,0,0,0
FS4552,2,1,1,1,0,1,0,0,6
FS4682,2,1,1,1,0,1,0,0,6
FS4735,2,1,1,1,0,1,0,0,6
FS4795,0,0,0,0,0,0,0,0,0
FS4812,0,1,1,1,0,1,0,0,4
FS4813,0,1,1,1,0,1,0,0,4
FS4835,3,1,1,1,0,1,0,0,7
FS5061,2,1,1,1,0,1,0,0,6
FS5305,0,1,1,0,0,1,0,0,3
FS5308,0,1,1,1,0,1,0,0,4
FS5380,1,1,1,1,0,1,0,0,5
FS5402,0,0,0,0,0,0,0,0,0
FS5437,0,1,1,1,0,1,0,0,4
FS5447,0,2,0,0,0,1,0,0,3
FS5452,0,0,1,0,0,0,0,0,1
FS5453,0,0,0,0,0,0,0,0,0
FS5459,0,1,1,0,0,1,0,0,3
FS5503,0,0,0,0,0,0,0,0,0
FS5512,1,1,1,1,0,1,0,0,5
FS5525,1,1,1,2,0,1,0,0,6
FS5551,0,1,1,0,0,0,0,0,2
FS5607,0,0,0,0,0,0,0,0,0
FS5699,1,1,1,1,0,1,0,0,5
FS5763,0,0,0,0,0,0,0,0,0
FS5792,0,0,1,1,0,0,0,0,2
FS5796,0,0,0,0,0,0,0,0,0
FS5798,0,0,0,0,0,1,0,0,1
FS5841,0,0,0,0,0,0,0,0,0
FS5852,0,0,0,0,0,0,0,0,0
FS5862,0,1,0,0,0,0,0,0,1
FS5896,0,1,0,0,0,0,0,0,1
FS5903,0,0,0,0,0,0,0,0,0
FS5906,0,1,1,1,0,1,0,0,4
FS5907,0,0,0,0,0,0,0,0,0
FS5949,0,0,0,0,0,0,0,0,0
ME3061,0,1,1,1,0,1,0,0,4
ME3098,0,0,1,1,0,0,0,0,2
ME3099,0,1,1,1,0,0,0,0,3
ME3110,1,1,1,1,0,1,0,0,5
ME3155,0,1,1,1,0,1,0,0,4
ME3170,0,1,1,1,0,1,0,0,4
ME3171,2,1,1,1,0,1,0,0,6
ME3172,0,1,1,1,0,0,0,0,3
ME3183,0,0,1,1,0,0,0,0,2
ME3185,0,0,1,0,0,0,0,0,1
ME3195,0,0,0,0,0,1,0,0,1
ME3197,0,1,0,1,0,0,0,0,2
ME3206,0,0,0,0,0,0,0,0,0
ME3210,0,1,0,1,0,0,0,0,2
ME3217,0,1,0,1,0,0,0,0,2
ME3218,0,0,0,0,0,0,0,0,0
CE1123,0,0,0,0,0,1,0,0,1
FS5384,0,0,0,0,0,0,0,0,0
FS5900,0,3,0,0,0,0,0,0,3
FS6016,0,0,0,0,0,0,0,0,0
ES5324,0,0,0,1,0,0,0,0,1
FS6034,1,1,1,1,0,1,0,0,5
ME3219,0,0,0,0,0,0,0,0,0
FS6017,0,1,2,0,0,0,0,0,3
FS5905,0,1,1,0,0,0,0,0,2
ES4735,0,0,0,0,0,0,0,0,0
FTW4019,0,0,0,0,0,0,0,0,0
FTW4025,0,1,1,1,0,1,0,0,4
FTW4033,0,1,1,0,0,0,0,0,2
FTW4055,0,1,1,0,0,0,0,0,2
FTW4059,0,1,0,1,0,1,0,0,3
FTW4060,0,2,1,1,0,0,0,0,4
FTW4061,0,0,0,0,0,0,0,0,0
FTW4062,0,1,1,1,0,0,0,0,3
FTW4063,0,1,1,0,0,0,0,0,2
FTW6036,0,0,0,0,0,0,0,0,0
FTW6077,0,0,0,0,0,0,0,0,0
FTW6078,0,1,0,1,0,0,0,0,2
FTW6079,0,1,1,1,0,0,0,0,3
FTW6080,0,0,1,0,0,0,0,0,1
FTW7010,0,0,0,0,0,1,0,0,1
FTW7017,0,0,1,0,0,0,0,0,1
BQ1571,0,1,0,1,0,1,0,0,3
BQ2328,0,0,0,0,0,0,0,0,0
BQ2365,0,0,0,0,0,1,0,0,1
BQ2366,3,1,1,1,0,1,0,0,7
BQ2401,0,0,0,1,0,0,0,0,1
BQ2453,0,0,0,0,0,0,0,0,0
BQ2491,0,1,0,0,0,0,0,0,1
BQ2492,0,0,0,0,0,0,0,0,0
BQ2512,0,0,0,0,0,0,0,0,0
BQ2541,0,0,0,1,0,0,0,0,1
BQ2551,0,0,0,0,0,0,0,0,0
BQ2552,0,0,0,0,0,0,0,0,0
BQ3377,0,1,1,1,0,1,0,0,4
BQ3420,0,0,0,0,0,0,0,0,0
BQ3656,0,0,0,0,0,0,0,0,0
BQ3691,0,1,1,1,0,1,0,0,4
BQ3729,0,1,0,0,0,0,0,0,1
BQ3036,0,0,0,0,0,0,0,0,0
BQ3568,0,0,0,0,0,0,0,0,0
ES5068,0,0,0,0,0,0,0,0,0
ES5258,0,1,1,1,0,1,0,0,4
ES5269,0,1,0,0,0,0,0,0,1
ES5275,0,1,0,0,0,0,0,0,1
ES5277,0,1,0,0,0,1,0,0,2
ES5279,0,1,1,1,0,1,0,0,4
ES5286,0,0,0,0,0,0,0,0,0
ES5293,0,0,0,0,0,0,0,0,0
FS5946,0,1,1,1,0,1,0,0,4
ES4649,0,1,1,1,0,0,0,0,3
ES5136,0,0,0,0,0,0,0,0,0
ES5217,0,1,0,1,0,0,0,0,2
ES5245,0,1,2,1,0,1,0,0,5
ES5246,0,0,1,1,0,0,0,0,2
ES5247,0,1,2,2,0,0,0,0,5
ES5259,0,1,1,1,0,1,0,0,4
ES5267,0,1,1,0,0,0,0,0,2
ES5299,1,2,1,1,0,1,0,0,6
ES5300,0,1,1,1,0,0,0,0,3
ME3230,0,0,0,0,0,0,0,0,0
ME3232,0,1,0,0,0,0,0,0,1
BQ2386,0,0,0,0,0,0,0,0,0
BQ3281,0,0,0,0,0,0,0,0,0
BQ3378,1,1,1,1,0,1,0,0,5
BQ3639,0,1,1,1,0,1,0,0,4
CE1125,0,0,0,0,0,0,0,0,0
CE1110,0,2,1,0,0,0,0,0,3
FS5963,3,1,1,1,0,1,0,0,7
FS5987,0,0,1,0,0,0,0,0,1
BQ2494,0,1,0,1,0,0,0,0,2
ES5219,0,1,1,0,0,0,0,0,2
ES5317,0,0,0,0,0,0,0,0,0
FS6013,0,1,0,1,0,1,0,0,3
FS6014,0,0,1,0,0,0,0,0,1
ME3207,0,0,0,0,0,0,0,0,0
BQ2366N,0,0,0,0,0,0,0,0,0
ES5261,0,0,0,0,0,1,0,0,1
ES5319,0,1,1,1,0,0,0,0,3
ES5321,0,1,1,1,0,1,0,0,4
ES5322,0,0,0,0,0,0,0,0,0
FS5522,0,1,1,1,0,1,0,0,4
FS5983,0,0,0,0,0,1,0,0,1
FS6026,0,0,0,0,0,0,0,0,0
FS6027,0,0,0,0,0,0,0,0,0
FS6028,0,0,0,0,0,1,0,0,1
FS6030,0,1,1,1,0,0,0,0,3
FS6031,1,1,1,1,0,1,0,0,5
FS6035,0,1,1,1,0,1,0,0,4
BQ2383,0,0,0,0,0,0,0,0,0
BQ2401N,0,0,1,0,0,0,0,0,1
BQ2412,0,0,0,1,0,2,0,0,3
BQ2457,0,0,0,0,0,0,0,0,0
BQ2493,2,1,1,1,0,1,0,0,6
BQ3721,0,0,1,1,0,0,0,0,2
FTW1106,0,0,0,0,0,1,0,0,1
FTW2102,0,1,1,0,0,0,0,0,2
FTW2112,0,1,0,0,0,0,0,0,1
FTW4024,0,0,0,0,0,0,0,0,0
FTW4040,0,0,0,0,0,0,0,0,0
FTW4047,0,0,0,0,0,0,0,0,0
FTW4049,0,0,0,0,0,0,0,0,0
FTW4051,0,0,0,0,0,0,0,0,0
FTW4056,0,0,0,0,0,0,0,0,0
FTW4069,0,1,0,0,0,0,0,0,1
FTW4071,0,0,0,0,0,0,0,0,0
FTW6024,0,1,0,0,0,0,0,0,1
FTW6054,0,0,0,0,0,0,0,0,0
FTW6068,0,0,0,0,0,0,0,0,0
FTW6073,0,0,0,0,0,0,0,0,0
FTW7045,0,0,0,0,0,0,0,0,0
ES3020,0,1,1,1,0,1,0,0,4
ES3282,0,0,0,0,0,0,0,0,0
FS5992,0,0,0,0,0,0,0,0,0
ES5337,0,1,0,0,0,0,0,0,1
ES5338,0,1,0,1,0,0,0,0,2
ES5343,0,0,0,1,0,0,0,0,1
ES5344,0,1,1,0,0,0,0,0,2
ES5345,0,0,0,1,0,0,0,0,1
FS4736,0,1,0,0,0,0,0,0,1
FS5151,0,0,0,0,0,0,0,0,0
FS5990,0,1,1,1,0,1,0,0,4
FS6033,0,0,1,1,0,0,0,0,2
FS6045,0,1,0,1,0,0,0,0,2
FS6048,0,1,1,1,0,0,0,0,3
ES2362,0,0,0,0,0,0,0,0,0
FS4487,0,1,0,1,0,1,0,0,3
FS4656,0,0,0,0,0,0,0,0,0
FS5251,0,0,0,0,0,0,0,0,0
FS5901,0,1,1,1,0,0,0,0,3
BQ2419,0,1,0,0,0,1,0,0,2
ES5320,0,0,1,0,0,0,0,0,1
ES5329,0,1,0,0,0,0,0,0,1
ES5330,0,1,0,0,0,0,0,0,1
FS5972,0,1,0,1,0,0,0,0,2
FS6029,0,1,0,0,0,0,0,0,1
FS6032,0,1,1,1,0,0,0,0,3
FTW2109,0,1,0,0,0,0,0,0,1
EF5345,0,0,0,0,0,0,0,0,0
ES5334,0,1,0,2,0,1,0,0,4
ES5341,0,1,0,0,0,0,0,0,1
ES5348,0,1,0,1,0,1,0,0,3
ES5349,0,1,1,1,0,0,0,0,3
ES5350,0,1,0,1,0,0,0,0,2
FS4867,0,0,0,0,0,0,0,0,0
FS5851,0,1,0,1,0,0,0,0,2
FS6047,0,1,0,0,0,0,0,0,1
FS6050,0,1,0,0,0,0,0,0,1
BQ3341,0,1,1,1,0,0,0,0,3
BQ3392,0,0,0,1,0,0,0,0,1
BQ3393,0,0,0,1,0,1,0,0,2
FS6042,0,1,1,0,0,0,0,0,2
FTW4000,0,1,0,0,0,0,0,0,1
ES5369,0,0,1,1,0,1,0,0,3
FS5251SET,0,1,0,0,0,1,0,0,2
ES5308,1,1,1,0,0,1,0,0,4
BQ2587,0,0,0,0,0,0,0,0,0
BQ2754SET,0,0,0,0,0,0,0,0,0
ES4701,0,0,0,0,0,0,0,0,0
ES5166,0,0,0,0,0,0,0,0,0
ES5167,0,0,0,0,0,0,0,0,0
FS4775,0,0,0,0,0,0,0,0,0
FS6008,0,0,0,0,0,0,0,0,0
FS6022,0,0,0,0,0,0,0,0,0
FS6023,0,0,0,0,0,0,0,0,0
ME3220,0,0,0,0,0,0,0,0,0
ME3256,0,0,0,0,0,0,0,0,0
AR11059,0,0,0,0,0,0,0,0,0
AR11129,0,0,0,0,0,0,0,0,0
AR11181,0,1,0,0,0,1,0,0,2
AR11188,0,0,0,1,0,1,0,0,2
AR11223,0,0,0,1,0,0,0,0,1
AR11244,0,1,1,1,0,0,0,0,3
AR11339,0,0,0,0,0,0,0,0,0
AR11360,0,1,0,1,0,1,0,0,3
AR11362,0,1,0,0,0,1,0,0,2
AR11363,0,0,0,0,0,0,0,0,0
AR11396,0,1,0,0,0,0,0,0,1
AR11409,0,0,1,1,0,0,0,0,2
AR11421,0,0,0,1,0,0,0,0,1
AR11446,0,2,0,0,0,1,0,0,3
AR11451,0,0,0,0,0,0,0,0,0
AR11453,0,0,0,0,0,0,0,0,0
AR11481,0,0,0,1,0,1,0,0,2
AR11500,0,1,1,1,0,1,0,0,4
AR11509,0,0,0,0,0,0,0,0,0
AR11560,0,1,0,1,0,1,0,0,3
AR11006,0,0,0,0,0,0,0,0,0
AR11007,0,0,0,0,0,0,0,0,0
AR11143,0,0,0,0,0,0,0,0,0
AR11152,0,0,0,0,0,0,0,0,0
AR11351,0,0,1,0,0,0,0,0,1
AR11523,0,1,1,1,0,0,0,0,3
AR11524,0,1,1,1,0,0,0,0,3
AR11553,0,1,0,0,0,0,0,0,1
AR11561,0,0,0,0,0,0,0,0,0
AR11567,0,1,0,1,0,1,0,0,3
AR11569,0,0,1,1,0,1,0,0,3
AR11578,0,0,1,1,0,1,0,0,3
AR1853,0,0,0,1,0,1,0,0,2
AR2482,0,0,0,1,0,1,0,0,2
AR1828,0,1,1,1,0,1,0,0,4
AR1840,0,0,1,1,0,0,0,0,2
AR1909,0,1,0,1,0,1,0,0,3
AR1926,0,1,1,1,0,1,0,0,4
AR1968,0,0,0,0,0,0,0,0,0
AR1970,0,1,0,1,0,1,0,0,3
AR1979,0,1,1,1,0,1,0,0,4
AR2434,0,1,1,1,0,1,0,0,4
AR2448,0,1,1,1,0,0,0,0,3
AR2502,3,1,1,1,0,1,0,0,7
AR60007,0,1,0,1,0,1,0,0,3
AR60008,0,1,0,1,0,0,0,0,2
AR60023,0,0,1,0,0,0,0,0,1
AR60037,0,1,0,0,0,0,0,0,1
AR60042,0,0,0,0,0,0,0,0,0
AR60053,0,0,0,1,0,1,0,0,2
AR6060,0,1,0,0,0,0,0,0,1
AR6061,0,1,0,0,0,0,0,0,1
AR70002,0,0,0,0,0,0,0,0,0
AR70007,0,1,0,0,0,0,0,0,1
ART5021,0,1,0,0,0,0,0,0,1
AR11520,0,0,0,0,0,0,0,0,0
AR11521,0,0,0,1,0,1,0,0,2
AR11527,0,0,0,0,0,0,0,0,0
AR11528,0,0,1,0,0,1,0,0,2
AR11529,0,1,1,1,0,1,0,0,4
AR11499,0,1,0,1,0,1,0,0,3
AR11507,0,1,0,1,0,1,0,0,3
AR11511,0,0,0,0,0,1,0,0,1
AR11537,0,1,0,1,0,1,0,0,3
AR11541,0,1,0,1,0,1,0,0,3
AR11554,0,1,1,1,0,1,0,0,4
AR11571,0,0,0,1,0,1,0,0,2
AR11572,0,0,1,1,0,0,0,0,2
AR11573,0,1,1,1,0,1,0,0,4
AR70010,0,1,0,0,0,1,0,0,2
AR11562,0,1,1,1,0,1,0,0,4
AR60061,0,0,0,0,0,0,0,0,0
AR11091,0,0,0,0,0,0,0,0,0
AR11530,0,1,1,1,0,1,0,0,4
AR11558,0,0,0,1,0,1,0,0,2
AR11575,0,0,1,1,0,1,0,0,3
AR11579,0,0,0,0,0,1,0,0,1
AR11105,0,0,0,0,0,0,0,0,0
AR11161,0,0,0,0,0,0,0,0,0
AR11164,0,0,0,0,0,0,0,0,0
AR11180,0,0,0,0,0,0,0,0,0
AR11182,0,0,0,0,0,0,0,0,0
AR11201,0,0,0,0,0,0,0,0,0
AR11208,0,0,0,0,0,0,0,0,0
AR11227,0,0,0,0,0,0,0,0,0
AR11306,0,0,0,0,0,0,0,0,0
AR11392,0,1,0,0,0,0,0,0,1
AR11398,0,0,0,0,0,0,0,0,0
AR11402,0,0,0,0,0,0,0,0,0
AR11410,0,0,0,0,0,0,0,0,0
AR11423,0,0,0,0,0,0,0,0,0
AR11428,0,0,0,1,0,0,0,0,1
AR11429,0,0,0,0,0,0,0,0,0
AR11431,0,0,0,0,0,0,0,0,0
AR11449,0,0,0,0,0,0,0,0,0
AR11450,0,0,0,0,0,0,0,0,0
AR11512,0,0,0,0,0,0,0,0,0
AR1676,0,1,1,1,0,1,0,0,4
AR1895,0,0,0,0,0,0,0,0,0
AR2068,0,0,0,0,0,0,0,0,0
AR60032,0,0,0,0,0,0,0,0,0
AR60044,0,0,0,0,0,0,0,0,0
AR60045,0,0,0,0,0,0,0,0,0
AR60049,0,0,0,0,0,0,0,0,0
AR60056,0,0,0,0,0,0,0,0,0
AR70006,0,0,0,0,0,0,0,0,0
ART5024,0,1,0,0,0,0,0,0,1
ART5027,0,1,0,0,0,0,0,0,1
ART5029,0,1,0,0,0,0,0,0,1
AR11338,0,1,1,1,0,0,0,0,3
AR11445,0,1,0,1,0,0,0,0,2
AR11566,0,0,0,0,0,0,0,0,0
AR11591,0,1,0,1,0,1,0,0,3
AR11600,0,0,1,1,0,1,0,0,3
AR11597,0,0,0,0,0,0,0,0,0
AR11583,0,1,0,1,0,1,0,0,3
AR2447,0,1,1,0,0,1,0,0,3
AR11582,0,0,1,1,0,1,0,0,3
AR11589,0,1,0,0,0,1,0,0,2
AR11606,0,0,0,1,0,1,0,0,2
AR1908,0,1,0,1,0,0,0,0,2
AR70008,0,0,0,1,0,1,0,0,2
AR11243,0,0,0,1,0,0,0,0,1
AR11556,0,1,0,1,0,1,0,0,3
AR11576,0,1,1,1,0,2,0,0,5
AR11587,0,1,0,0,0,1,0,0,2
AR11588,0,0,0,0,0,0,0,0,0
AR11601,0,0,0,1,0,1,0,0,2
AR11605,0,1,1,1,0,1,0,0,4
AR11608,0,1,1,2,0,1,0,0,5
AR11609,0,1,1,1,0,0,0,0,3
AR11610,0,0,0,1,0,1,0,0,2
AR2500,0,0,0,1,0,1,0,0,2
AR60075,0,1,0,0,0,0,0,0,1
AR11484,0,1,1,1,0,0,0,0,3
AR11568,0,1,0,1,0,0,0,0,2
AR11581,0,1,1,1,0,0,0,0,3
AR11599,0,1,0,1,0,1,0,0,3
AR1925,0,1,0,1,0,1,0,0,3
AR11628,0,1,0,0,0,0,0,0,1
AR60078,0,1,0,1,0,1,0,0,3
AR80023,0,1,0,0,0,1,0,0,2
AR1918,0,1,0,1,0,1,0,0,3
AR11634,0,1,0,0,0,0,0,0,1
AR11627,0,1,0,1,0,1,0,0,3
AR11615,0,1,0,0,0,1,0,0,2
AR11242,0,1,0,0,0,1,0,0,2
AR11620,0,1,0,0,0,1,0,0,2
AR11621,0,1,0,0,0,1,0,0,2
AR11613,0,1,0,1,0,1,0,0,3
AR11622,0,1,0,0,0,1,0,0,2
AR11590,0,1,0,1,0,1,0,0,3
AR60079,0,1,0,1,0,1,0,0,3
AR60080,0,1,0,1,0,1,0,0,3
AR11559,0,0,0,1,0,1,0,0,2
AR11594,0,0,0,0,0,1,0,0,1
AR11062,0,0,0,0,0,0,0,0,0
AR11148,0,0,0,0,0,0,0,0,0
AR11222,0,0,0,0,0,0,0,0,0
AR11584,0,0,0,0,0,0,0,0,0
AR11618,0,0,0,0,0,0,0,0,0
AR11626,0,0,0,0,0,0,0,0,0
AR11629,0,0,0,0,0,0,0,0,0
AR11630,0,0,0,0,0,0,0,0,0
AR11633,0,0,0,0,0,0,0,0,0
AR11635,0,0,0,0,0,0,0,0,0
AR1763,0,0,0,0,0,0,0,0,0
AR1819,0,0,0,0,0,0,0,0,0
AR2511,0,0,0,0,0,0,0,0,0
AR60036,0,0,0,0,0,0,0,0,0
MK3203,0,1,0,1,0,1,0,0,3
MK3513,0,1,1,1,0,1,0,0,4
MK3640,0,0,0,0,0,0,0,0,0
MK3716,0,1,1,0,0,0,0,0,2
MK3845,0,1,0,0,0,1,0,0,2
MK4335,0,0,0,0,0,0,0,0,0
MK4340,0,1,1,1,0,0,0,0,3
MK4519,0,0,0,0,0,1,0,0,1
MK4593,0,1,0,1,0,1,0,0,3
MK4594,0,0,0,0,0,0,0,0,0
MK4598,0,0,0,0,0,1,0,0,1
MK5263,0,1,0,1,0,1,0,0,3
MK5491,0,1,1,1,0,1,0,0,4
MK5798,0,1,1,1,0,1,0,0,4
MK5799,0,1,0,0,0,1,0,0,2
MK5896,0,0,1,1,0,0,0,0,2
MK6301,0,0,0,0,0,0,0,0,0
MK6357,1,1,1,1,0,1,0,0,5
MK6485,0,1,0,0,0,1,0,0,2
MK6937,0,1,0,0,0,0,0,0,1
MK6988,0,0,0,1,0,0,0,0,1
MK6989,0,1,1,0,0,0,0,0,2
MK7076,0,1,1,0,0,0,0,0,2
MK7229,0,1,1,0,0,1,0,0,3
MK7230,0,0,0,0,0,0,0,0,0
MK7279,0,1,0,0,0,0,0,0,1
MK7282,0,0,0,0,0,0,0,0,0
MK7302,0,1,0,0,0,0,0,0,1
MK8344,0,0,1,0,0,0,0,0,1
MK8603,0,0,0,0,0,0,0,0,0
MK9046,0,0,0,0,0,0,0,0,0
MK9055,0,0,0,0,0,0,0,0,0
MKT5072,0,1,1,0,0,0,0,0,2
MKT5096,0,1,0,0,0,0,0,0,1
MKT5129,0,0,0,0,0,0,0,0,0
MKT5133,1,0,1,1,0,1,0,0,4
MKT5134,0,0,0,0,0,0,0,0,0
MKT5135,0,0,0,0,0,0,0,0,0
MKT5136,0,0,0,0,0,0,0,0,0
MKT5137,0,0,0,0,0,0,0,0,0
MKT5138,0,0,0,0,0,0,0,0,0
MKT5139,0,1,0,1,0,0,0,0,2
MKT5144,0,0,0,0,0,0,0,0,0
MKT5150,0,0,0,0,0,0,0,0,0
MK2834,0,0,0,0,0,0,0,0,0
MK3190,0,0,0,1,0,1,0,0,2
MK3192,0,0,0,1,0,1,0,0,2
MK3253,0,0,1,0,0,0,0,0,1
MK3298,0,1,0,0,0,1,0,0,2
MK3839,0,0,0,0,0,0,0,0,0
MK3892,0,1,0,0,0,0,0,0,1
MK3979,0,0,0,1,0,1,0,0,2
MK4336,0,0,0,0,0,0,0,0,0
MK4557,0,0,0,0,0,0,0,0,0
MK4623,0,0,0,0,0,0,0,0,0
MK4666,0,0,0,1,0,0,0,0,1
MK4667,0,0,0,1,0,1,0,0,2
MK4708,0,1,0,0,0,0,0,0,1
MK4709,0,1,1,1,0,1,0,0,4
MK4710,0,1,0,1,0,2,0,0,4
MK4731,0,0,0,0,0,0,0,0,0
MK4732,0,1,1,1,0,1,0,0,4
MK4733,0,1,0,0,0,0,0,0,1
MK4734,0,1,0,1,0,1,0,0,3
MK4736,0,0,0,0,0,1,0,0,1
MK4737,0,0,0,0,0,1,0,0,1
MK4739,0,0,0,0,0,0,0,0,0
MK5354,0,1,0,1,0,1,0,0,3
MK5503,0,1,0,0,0,1,0,0,2
MK5739,0,0,0,0,0,0,0,0,0
MK5976,0,0,0,0,0,0,0,0,0
MK6110,0,1,0,1,0,0,0,0,2
MK6674,0,0,0,0,0,0,0,0,0
MK6694,0,0,0,0,0,0,0,0,0
MK6729,0,0,0,0,0,1,0,0,1
MK6763,0,0,1,0,0,0,0,0,1
MK6845,0,0,0,1,0,1,0,0,2
MK6846,0,0,0,0,0,1,0,0,1
MK6910,0,0,0,0,0,0,0,0,0
MK6959,0,1,0,0,0,0,0,0,1
MK6971,0,0,0,0,0,0,0,0,0
MK7209,0,0,0,0,0,0,0,0,0
MK7212,0,0,0,0,0,0,0,0,0
MK7213,0,0,1,0,0,0,0,0,1
MK7217,0,0,0,0,0,0,0,0,0
MK7218,0,1,0,1,0,0,0,0,2
MK7219,0,0,0,0,0,0,0,0,0
MK7222,0,0,0,0,0,0,0,0,0
MK7242,0,0,0,0,0,0,0,0,0
MK7257,0,0,0,0,0,0,0,0,0
MK7270,0,0,0,0,0,0,0,0,0
MK7275,0,0,0,0,0,0,0,0,0
MK7276,0,0,0,1,0,1,0,0,2
MK7283,0,0,0,0,0,1,0,0,1
MK7285,0,0,0,0,0,0,0,0,0
MK7286,0,1,1,0,0,0,0,0,2
MK7293,0,1,1,0,0,0,0,0,2
MK7303,1,2,1,1,0,1,0,0,6
MK7310,0,1,0,0,0,0,0,0,1
MK7323,0,1,0,0,0,0,0,0,1
MK7324,0,0,1,0,0,0,0,0,1
MK7327,0,0,1,0,0,0,0,0,1
MK7328,0,1,1,0,0,0,0,0,2
MK7332,0,1,0,0,0,0,0,0,1
MK7334,0,0,0,0,0,1,0,0,1
MK7336,0,0,0,0,0,0,0,0,0
MK7338,0,1,0,0,0,1,0,0,2
MK7352,0,0,1,0,0,0,0,0,1
MK7353,0,0,0,0,0,0,0,0,0
MK7354,0,0,0,0,0,0,0,0,0
MK7355,0,1,1,1,0,0,0,0,3
MK7357,0,1,0,0,0,0,0,0,1
MK7358,0,1,0,0,0,1,0,0,2
MK7361,0,0,0,0,0,0,0,0,0
MK7362,0,1,1,1,0,0,0,0,3
MK7378,0,0,0,0,0,0,0,0,0
MK7386,0,0,0,0,0,0,0,0,0
MK7396,0,1,0,1,0,0,0,0,2
MK7422,0,1,0,0,0,0,0,0,1
MK7430,0,0,0,0,0,0,0,0,0
MK7435,0,0,0,0,0,1,0,0,1
MK7442,0,0,0,0,0,1,0,0,1
MK7444,0,0,0,0,0,0,0,0,0
MK7449,0,0,0,0,0,0,0,0,0
MK7452,0,1,0,0,0,0,0,0,1
MK7453,0,0,0,0,0,0,0,0,0
MK8494,0,0,0,0,0,0,0,0,0
MK8561,0,0,0,0,0,0,0,0,0
Mk8625,0,1,1,0,0,0,0,0,2
MK8734,0,0,0,0,0,0,0,0,0
MK8848,0,0,0,0,0,0,0,0,0
MK8849,0,0,0,0,0,0,0,0,0
MK8938,0,0,0,0,0,0,0,0,0
MK8954,0,0,0,0,0,0,0,0,0
MK8979,0,0,0,0,0,0,0,0,0
MK8984,0,0,0,0,0,0,0,0,0
MK9019,0,0,0,0,0,0,0,0,0
MK9057,0,0,0,1,0,0,0,0,1
MK9118,0,0,0,0,0,0,0,0,0
MK9119,0,0,0,0,0,0,0,0,0
MK9140,0,0,0,0,0,0,0,0,0
MK9146,0,0,0,0,0,0,0,0,0
MK9149,0,0,0,0,0,1,0,0,1
MKT5077,0,0,1,0,0,0,0,0,1
MKT5080,0,0,0,0,0,0,0,0,0
MKT5135V,0,0,0,0,0,0,0,0,0
MKT5143,0,0,0,0,0,0,0,0,0
MKT5146,0,0,0,0,0,0,0,0,0
MKT5148,0,0,0,1,0,0,0,0,1
MKT5153,0,0,1,0,0,0,0,0,1
MK6451,0,1,0,0,0,0,0,0,1
MK7392,0,1,0,0,0,0,0,0,1
MK7462,0,1,0,1,0,0,0,0,2
MK7465,0,1,0,0,0,0,0,0,1
MK7467,0,1,0,0,0,0,0,0,1
MK7469,0,1,0,0,0,0,0,0,1
MK7481,0,0,0,1,0,1,0,0,2
MK8286,0,0,1,1,0,0,0,0,2
MK9152,0,0,1,1,0,1,0,0,3
MK9153,0,1,0,0,0,0,0,0,1
MK9154,0,0,0,1,0,0,0,0,1
MK4811,0,1,1,0,0,0,0,0,2
MK4806,0,0,0,1,0,0,0,0,1
MK7363,0,1,0,0,0,0,0,0,1
MK7364,0,1,0,0,0,0,0,0,1
MK7460,0,0,0,1,0,0,0,0,1
MK7473,0,0,0,1,0,0,0,0,1
MK9073,0,1,0,1,0,0,0,0,2
MK9112,0,1,1,1,0,0,0,0,3
MK9162,0,0,0,0,0,0,0,0,0
MK3639,0,0,1,0,0,0,0,0,1
MK7397,0,0,1,0,0,0,0,0,1
MK7402,0,1,1,1,0,0,0,0,3
MK7403,0,1,0,0,0,0,0,0,1
MK7405,0,0,1,0,0,0,0,0,1
MK7428,0,1,1,1,0,1,0,0,4
MK9111,0,1,0,1,0,1,0,0,3
MK9113,0,0,1,1,0,1,0,0,3
MK5605,0,1,0,1,0,0,0,0,2
MK7241,0,1,0,1,0,0,0,0,2
MK7458,0,0,0,1,0,0,0,0,1
MK7472,0,1,0,0,0,0,0,0,1
MK9155,0,0,1,1,0,1,0,0,3
MK4735,0,1,1,1,0,1,0,0,4
MK4801,0,0,0,1,0,0,0,0,1
MK4823,0,1,0,1,0,0,0,0,2
MK7297,0,1,0,0,0,0,0,0,1
MK7371,0,1,1,1,0,1,0,0,4
MK7406,0,0,0,0,0,0,0,0,0
MK7457,0,1,0,0,0,0,0,0,1
MK8278,0,0,0,1,0,0,0,0,1
MK8279,0,1,0,1,0,0,0,0,2
MK8325,0,0,1,1,0,1,0,0,3
MK8655,0,1,1,1,0,0,0,0,3
MK8953,0,0,0,0,0,1,0,0,1
MK8987,0,1,1,1,0,0,0,0,3
MK9074,0,0,0,0,0,0,0,0,0
MK9136,0,1,1,1,0,1,0,0,4
MK9147,0,0,1,1,0,1,0,0,3
MK9165,0,0,0,0,0,0,0,0,0
MK4810,0,0,0,0,0,1,0,0,1
MK4827,0,0,0,1,0,1,0,0,2
MK3900,0,0,0,1,0,0,0,0,1
MK4711,0,0,0,1,0,0,0,0,1
MK4741,0,1,0,1,0,0,0,0,2
MK9075,0,0,0,1,0,0,0,0,1
MK9134,0,1,1,1,0,1,0,0,4
MK9166,0,0,0,1,0,0,0,0,1
MK4841,0,1,0,1,0,1,0,0,3
MK8607,0,1,0,0,0,1,0,0,2
MK7496,0,1,1,1,0,0,0,0,3
MK7504,0,1,0,1,0,1,0,0,3
MK7505,0,0,0,0,0,1,0,0,1
MK4842,0,1,1,0,0,1,0,0,3
MK4840,0,0,0,1,0,1,0,0,2
MK4832,0,1,0,0,0,1,0,0,2
MK7503SET,0,1,0,1,0,0,0,0,2
MKO1075,0,1,0,1,0,1,0,0,3
MK4833,0,0,0,0,0,0,0,0,0
MK7419,0,0,0,0,0,0,0,0,0
MK7434,0,0,0,0,0,0,0,0,0
MK7459,0,0,0,0,0,0,0,0,0
MK7485,0,0,0,0,0,0,0,0,0
MK7487,0,0,0,0,0,0,0,0,0
MK8952,0,0,0,0,0,0,0,0,0
MK9143,0,0,0,0,0,0,0,0,0
MK9158,0,0,0,0,0,0,0,0,0
MK9167,0,0,0,0,0,0,0,0,0
MK9176,0,0,0,0,0,0,0,0,0
MK9177,0,0,0,0,0,0,0,0,0
MK9178,0,0,0,0,0,0,0,0,0
MK9179,0,0,0,0,0,0,0,0,0
MK9180,0,0,0,0,0,0,0,0,0
AX1871,0,0,0,0,0,0,0,0,0
AX1872,0,1,1,1,0,0,0,0,3
AX1873,0,0,0,0,0,0,0,0,0
AX1876,0,1,1,1,0,1,0,0,4
AX2086,0,0,0,0,0,0,0,0,0
AX2098,0,0,0,0,0,0,0,0,0
AX5311,0,1,1,1,0,0,0,0,3
AX5384,0,0,0,1,0,0,0,0,1
AX5577,0,0,0,1,0,0,0,0,1
AX1326,0,1,1,0,0,0,0,0,2
AX1335,5,1,1,1,0,1,0,0,9
AX1720,0,1,0,1,0,1,0,0,3
AX1721,2,1,1,1,0,1,0,0,6
AX1722,2,1,1,1,0,1,0,0,6
AX1723,0,0,1,2,0,1,0,0,4
AX1731,0,1,1,1,0,0,0,0,3
AX1732,0,1,1,2,0,1,0,0,5
AX1854,0,1,1,0,0,0,0,0,2
AX2103,1,1,1,2,0,0,0,0,5
AX2104,1,1,1,1,0,1,0,0,5
AX2133,0,1,1,2,0,0,0,0,4
AX2137,0,0,0,0,0,0,0,0,0
AX2144,1,1,1,1,0,1,0,0,5
AX2164,0,0,0,0,0,0,0,0,0
AX2169,0,1,1,1,0,1,0,0,4
AX2189,1,1,1,2,0,1,0,0,6
AX2194,0,1,1,1,0,1,0,0,4
AX2413,0,1,0,1,0,1,0,0,3
AX2429,0,1,1,0,0,0,0,0,2
AX2430,0,0,1,1,0,0,0,0,2
AX2434,0,1,1,0,0,0,0,0,2
AX2437,0,1,1,0,0,0,0,0,2
AX2440,0,0,0,1,0,0,0,0,1
AX2443,0,1,1,1,0,1,0,0,4
AX2508,0,0,1,1,0,1,0,0,3
AX2602,0,1,1,1,0,0,0,0,3
AX2701,0,1,0,2,0,1,0,0,4
AX2706,0,1,0,0,0,1,0,0,2
AX2716,1,1,1,1,0,0,0,0,4
AX2719,0,1,1,2,0,1,0,0,5
AX2736,0,1,1,1,0,1,0,0,4
AX2745,0,0,1,1,0,0,0,0,2
AX2747,0,0,0,0,0,0,0,0,0
AX2748,0,0,1,0,0,1,0,0,2
AX2858,0,0,1,0,0,0,0,0,1
AX2902,0,0,0,0,0,0,0,0,0
AX5258,0,0,0,1,0,1,0,0,2
AX5262,0,0,0,0,0,0,0,0,0
AX5324,0,1,1,1,0,1,0,0,4
AX5328,0,0,0,1,0,0,0,0,1
AX5329,0,1,1,0,0,1,0,0,3
AX5383,0,0,0,0,0,0,0,0,0
AX5535,0,1,0,1,0,0,0,0,2
AX5536,1,1,1,1,0,0,0,0,4
AX5537,0,1,1,1,0,0,0,0,3
AX5548,1,1,1,0,0,1,0,0,4
AX5573,0,1,1,0,0,0,0,0,2
AX5580,0,0,1,1,0,0,0,0,2
AX5581,0,0,1,1,0,1,0,0,3
AX5602,0,0,0,0,0,1,0,0,1
AX5901,0,1,0,0,0,0,0,0,1
AX5911,0,0,0,0,0,1,0,0,1
AX5912,0,0,0,0,0,0,0,0,0
AX7101,0,1,1,1,0,1,0,0,4
AX7134SET,0,0,1,0,0,0,0,0,1
AX1734,0,0,0,0,0,0,0,0,0
AX1740,0,1,1,1,0,1,0,0,4
AX1741,0,0,0,0,0,0,0,0,0
AX1870,0,1,1,1,0,1,0,0,4
AX2444,0,1,1,0,0,0,0,0,2
AX2449,0,0,0,1,0,0,0,0,1
AX2450,0,0,0,0,0,0,0,0,0
AX2746,0,0,0,0,0,0,0,0,0
AX2752,0,1,0,0,0,0,0,0,1
AX4331,0,1,0,1,0,0,0,0,2
AX5587,0,0,0,1,0,0,0,0,1
AX5658,0,1,0,1,0,1,0,0,3
AX1737,0,1,1,0,0,0,0,0,2
AX1865,0,1,1,1,0,1,0,0,4
AX1867,0,1,1,1,0,1,0,0,4
AX1869,0,0,0,0,0,0,0,0,0
AX1954,0,0,1,0,0,0,0,0,1
AX2451,0,0,1,0,0,0,0,0,1
AX5592,0,1,1,1,0,0,0,0,3
AX5270,0,1,0,0,0,0,0,0,1
AX5271,0,0,0,1,0,0,0,0,1
AX5578,0,0,1,0,0,0,0,0,1
AX7105,0,0,1,1,0,0,0,0,2
AX1735,0,1,0,0,0,0,0,0,1
AX1739,0,1,1,1,0,0,0,0,3
AX1950,0,1,0,0,0,0,0,0,1
AX2870,0,0,1,0,0,0,0,0,1
AX5591,0,0,1,0,0,0,0,0,1
AX1746,0,0,0,0,0,0,0,0,0
AX1874,0,1,1,0,0,0,0,0,2
AX1875,1,1,1,1,0,1,0,0,5
AX1951,0,2,0,1,0,1,0,0,4
AX1956,1,1,1,1,0,1,0,0,5
AX2871,0,1,1,0,0,0,0,0,2
AX2872,0,1,0,1,0,0,0,0,2
AX4607,0,0,0,0,0,0,0,0,0
AX5595,0,0,0,0,0,1,0,0,1
AX1344,0,1,1,1,0,1,0,0,4
AX1443,0,0,0,0,0,0,0,0,0
AX1727,0,0,0,0,0,0,0,0,0
AX1728,0,0,0,0,0,0,0,0,0
AX1736,0,0,0,0,0,0,0,0,0
AX1827,0,0,0,0,0,0,0,0,0
AX1866,0,0,0,0,0,0,0,0,0
AX2417,0,0,0,0,0,0,0,0,0
AX2419,0,0,0,0,0,0,0,0,0
AX2445,0,1,0,0,0,0,0,0,1
AX2446,0,0,0,0,0,0,0,0,0
AX2624,0,0,0,0,0,0,0,0,0
AX2702,0,0,0,0,0,0,0,0,0
AX2756,0,1,0,1,0,0,0,0,2
AX2861,0,0,0,0,0,0,0,0,0
AX5256,0,0,0,0,0,0,0,0,0
AX5264,0,0,0,0,0,0,0,0,0
AX5584,0,1,0,0,0,0,0,0,1
AX7132SET,0,0,0,0,0,0,0,0,0
AX7133SET,0,0,0,0,0,0,0,0,0
AX1958,1,1,1,1,0,1,0,0,5
AX1959,1,2,1,1,0,0,0,0,5
AX2453,0,1,1,1,0,1,0,0,4
AX2454,0,0,1,1,0,0,0,0,2
AX2761,0,2,1,0,0,0,0,0,3
AX5275,0,0,0,1,0,0,0,0,1
AX5661,0,0,0,0,0,0,0,0,0
AX7145,0,0,1,0,0,0,0,0,1
AX7148,0,0,0,0,0,0,0,0,0
AX7152,0,0,0,0,0,0,0,0,0
AX7154,0,1,0,0,0,0,0,0,1
AX1878,0,1,1,1,0,0,0,0,3
AX1960,0,0,0,1,0,0,0,0,1
AX1962,0,1,1,1,0,1,0,0,4
AX5662,0,0,0,1,0,1,0,0,2
AX1957,0,1,0,0,0,0,0,0,1
AX2452,0,0,0,0,0,0,0,0,0
AX7147,0,1,1,1,0,1,0,0,4
AX1881,0,0,1,1,0,0,0,0,2
AX1742,0,1,0,0,0,0,0,0,1
AX1882,0,1,1,1,0,1,0,0,4
AX1952,0,1,1,1,0,0,0,0,3
AX1961,0,1,0,1,0,0,0,0,2
AX5385,0,1,1,1,0,1,0,0,4
AX5617,0,0,0,0,0,1,0,0,1
AX7151SET,0,1,0,1,0,1,0,0,3
AX7156SET,0,0,0,0,0,0,0,0,0
AX1880,0,1,1,1,0,1,0,0,4
AX7146SET,0,1,0,1,0,1,0,0,3
AX7153SET,0,1,1,1,0,1,0,0,4
AX4182,0,0,0,1,0,0,0,0,1
AX1963,0,1,1,1,0,1,0,0,4
AX1422,0,1,0,1,0,1,0,0,3
AX1421,0,1,0,1,0,1,0,0,3
AX2458,0,1,0,1,0,1,0,0,3
AX4180,0,1,0,1,0,0,0,0,2
AX1765,0,1,1,1,0,1,0,0,4
AX5173,0,1,0,1,0,1,0,0,3
AX7147SET,0,1,1,1,0,1,0,0,4
AX7160SET,0,1,0,1,0,0,0,0,2
AX2456,0,1,0,1,0,1,0,0,3
AX1955,0,0,0,0,0,0,0,0,0
AX2099,0,0,0,0,0,0,0,0,0
AX2122,0,0,0,0,0,0,0,0,0
AX2155,0,0,0,0,0,0,0,0,0
AX4181,0,0,0,0,0,0,0,0,0
AX4183,0,0,0,0,0,0,0,0,0
AX5174,0,0,0,0,0,0,0,0,0
AX5726,0,0,0,0,0,0,0,0,0
AX7121,0,0,0,0,0,0,0,0,0
AX7155SET,0,0,0,0,0,0,0,0,0
NCTH1791617,0,1,0,0,0,0,0,0,1
NDTH1710469,0,0,0,0,1,0,0,0,1
NDTH1782218,0,0,0,0,0,0,0,0,0
NDTH1791656,0,1,1,0,0,0,0,0,2
NDTH1791931,0,0,0,0,1,0,0,0,1
NDTH1791974,0,0,0,0,1,0,0,0,1
NETH1710410,0,0,0,0,1,0,0,0,1
NETH1710447,0,1,0,0,1,0,0,0,2
NETH1710478,0,0,0,0,1,0,0,0,1
NETH1710501,0,1,0,0,0,0,0,0,1
NETH1710503,0,2,0,0,0,0,0,0,2
NETH1781957,0,1,0,0,0,0,0,0,1
NETH1782190,0,0,0,0,0,0,0,0,0
NETH1782224,0,1,0,0,0,0,0,0,1
NETH1782390,0,1,1,0,1,0,0,0,3
NETH1782547,0,1,0,0,1,0,0,0,2
NETH1782553,0,1,0,0,1,0,0,0,2
NETH1791399,0,0,1,0,1,0,0,0,2
NETH1791461,0,0,0,0,2,0,0,0,2
NETH1791719,0,1,0,0,0,0,0,0,1
NETH1791722,0,1,0,0,0,0,0,0,1
NETH1791726,0,0,0,0,2,0,0,0,2
NETH1791858,0,1,0,0,0,0,0,0,1
NETH1791985,0,1,0,0,1,0,0,0,2
NETHI791990,0,0,0,0,0,0,0,0,0
TH1710570,0,0,0,0,1,0,0,0,1
TH1710585,0,1,0,0,0,0,0,0,1
TH1781171,0,1,0,0,0,0,0,0,1
TH1781220,0,1,0,0,0,0,0,0,1
TH1782537,0,1,0,0,1,0,0,0,2
TH1782540,0,1,1,0,0,0,0,0,2
TH1782551,0,0,0,0,0,0,0,0,0
TH1782601,0,0,0,0,2,0,0,0,2
TH1791913W,0,1,0,0,0,0,0,0,1
TH1791948,0,0,0,0,0,0,0,0,0
TH1792018,0,1,0,0,0,0,0,0,1
TH1792060,0,1,0,0,1,0,0,0,2
TH1792081,0,0,0,0,1,0,0,0,1
TH1792090,0,1,0,0,0,0,0,0,1
TH1782587,0,1,0,0,1,0,0,0,2
TH1782558,0,0,1,0,0,0,0,0,1
TH1710497,0,0,0,0,0,0,0,0,0
TH1782556,0,0,0,0,0,0,0,0,0
TH1782533,0,0,1,0,0,0,0,0,1
TH1792029,0,0,0,0,0,0,0,0,0
NCTH1782362,0,0,0,0,0,0,0,0,0
NETH1782387,0,0,0,0,1,0,0,0,1
TH1782592,0,0,0,0,0,0,0,0,0
TH1710503,0,0,1,0,0,0,0,0,1
TH1782597,0,1,0,0,0,0,0,0,1
NETH1781893,0,0,0,0,1,0,0,0,1
NCTH1791718,0,0,0,0,1,0,0,0,1
TH1782581,0,0,1,0,0,0,0,0,1
TH1782591,0,0,2,0,0,0,0,0,2
NCTH1791618,0,1,0,0,0,0,0,0,1
TH1710525,0,0,0,0,1,0,0,0,1
TH1792017,0,0,1,0,0,0,0,0,1
TH1710526,0,0,0,0,0,0,0,0,0
NDTH1710447,0,0,1,0,0,0,0,0,1
TH1792059,0,1,0,0,0,0,0,0,1
NDTH1791718,0,0,1,0,0,0,0,0,1
NDTH1791618,0,0,1,0,0,0,0,0,1
NDTH1791720,0,0,1,0,0,0,0,0,1
TH1792061,0,1,0,0,0,0,0,0,1
TH1710514,0,0,0,0,1,0,0,0,1
TH1792016,0,0,2,0,0,0,0,0,2
TH1792013,0,0,1,0,1,0,0,0,2
NDTH1710452,0,1,0,0,0,0,0,0,1
NCTH1782227,0,1,1,0,0,0,0,0,2
NETH1791969,0,1,0,0,0,0,0,0,1
NETH1782391,0,1,0,0,1,0,0,0,2
NETHI710478,0,0,0,0,0,0,0,0,0
NETH1791118,0,1,0,0,0,0,0,0,1
NETH1782340,0,1,0,0,0,0,0,0,1
NSTHI782212,0,0,0,0,0,0,0,0,0
NETHI791944,0,1,0,0,0,0,0,0,1
NETH1782196,0,0,0,0,0,0,0,0,0
NETH1791944,0,1,0,0,0,0,0,0,1
NETH1710450,0,1,0,0,0,0,0,0,1
NETH1710500,0,1,0,0,0,0,0,0,1
T0144101605700,0,1,0,0,0,0,0,0,1
T0173091615100,0,1,0,0,0,0,0,0,1
T0334101605301,0,1,0,0,0,0,0,0,1
T0352101601100,0,1,0,0,0,0,0,0,1
T0356171603100,0,1,0,1,0,1,0,0,3
T0384301605700,0,1,0,0,0,0,0,0,1
T0494171605700,0,1,0,0,0,0,0,0,1
T0572101611701,0,1,0,0,0,0,0,0,1
T0632102203701,0,1,0,0,0,0,0,0,1
T0634091101800,0,1,0,0,0,0,0,0,1
T0634091601800,0,1,0,0,0,0,0,0,1
T0634093601800,0,1,0,0,0,0,0,0,1
T0636101103700,0,1,0,0,0,0,0,0,1
T0636101103701,0,1,0,1,0,0,0,0,2
T0636101604700,0,1,0,0,0,0,0,0,1
T0636102203701,0,1,0,0,0,0,0,0,1
T0636103603700,0,1,0,0,0,0,0,0,1
T0636103603800,0,1,0,1,0,1,0,0,3
T0636103604700,0,1,0,1,0,0,0,0,2
T0854073601100,0,1,0,0,0,0,0,0,1
T0854103601300,0,1,0,1,0,0,0,0,2
T0862072226101,0,1,0,1,0,0,0,0,2
T0942101111602,0,1,0,0,0,1,0,0,2
T0942101133600,0,1,0,0,0,1,0,0,2
T0954171106700,0,2,0,2,0,1,0,0,5
T0994071103700,0,1,0,0,0,0,0,0,1
T1014171104100,0,1,0,0,0,0,0,0,1
T1014172306100,0,1,0,0,0,2,0,0,3
T1014173305100,0,1,0,1,0,1,0,0,3
T1019101135100,0,1,0,1,0,1,0,0,3
T1019103315100,0,1,0,1,0,1,0,0,3
T1019172203100,0,1,0,0,0,0,0,0,1
T1122101103600,0,1,0,0,0,1,0,0,2
T1144171103700,0,1,0,0,0,0,0,0,1
T1144173305700,0,1,0,0,0,0,0,0,1
T1166171103700,0,1,0,1,0,1,0,0,3
T1166171104701,0,1,0,2,0,2,0,0,5
T1166171109200,0,1,0,1,0,2,0,0,4
T1166171604200,0,1,0,0,0,1,0,0,2
T1166171604700,0,1,0,1,0,1,0,0,3
T1166171605700,0,1,0,0,0,0,0,0,1
T1166171609200,0,1,0,1,0,1,0,0,3
T1166171629700,0,0,0,0,0,0,0,0,0
T1166172202100,0,1,0,1,0,1,0,0,3
T1166173305100,0,1,0,1,0,2,0,0,4
T1166173604700,0,2,0,1,0,1,0,0,4
T1166173605200,0,1,0,0,0,0,0,0,1
T1166173704100,0,9,0,2,0,2,0,0,13
T1204072205100,0,1,0,0,0,0,0,0,1
T1204073705101,0,1,0,1,0,2,0,0,4
T1204171105101,0,1,0,1,0,0,0,0,2
T1204171109101,0,1,0,1,0,1,0,0,3
T1204171705103,0,1,0,0,0,0,0,0,1
T1204171742100,0,1,0,0,0,0,0,0,1
T1208071109100,0,1,0,1,0,1,0,0,3
T1208072205100,0,1,0,1,0,1,0,0,3
T1208073704100,0,1,0,1,0,1,0,0,3
T1222102203301,0,0,0,1,0,2,0,0,3
T1224101603300,0,1,0,0,0,0,0,0,1
T1224102203300,0,0,0,1,0,1,0,0,2
T1224171101100,0,2,0,1,0,2,0,0,5
T1224172201100,0,0,0,1,0,1,0,0,2
T1256171605100,0,1,0,0,0,0,0,0,1
T1256171605101,0,1,0,0,0,0,0,0,1
T1256172105100,0,1,0,0,0,1,0,0,2
T1256173305100,0,1,0,1,0,1,0,0,3
T1256173605100,0,2,0,1,0,1,0,0,4
T1256173608100,0,1,0,0,0,0,0,0,1
T1274101104100,0,1,0,0,0,1,0,0,2
T1292102201300,0,1,0,1,0,1,0,0,3
T1316171104200,0,6,0,2,0,2,0,0,10
T1316173605200,0,2,0,2,0,1,0,0,5
T1316173608200,0,1,0,0,0,0,0,0,1
T1372101104100,0,1,0,1,0,1,0,0,3
T1372101111100,0,1,0,0,0,1,0,0,2
T1372101133100,0,1,0,0,0,1,0,0,2
T1372101135100,0,0,0,1,0,1,0,0,2
T1372103302100,0,1,0,0,0,0,0,0,1
T1374071105100,0,1,0,1,0,1,0,0,3
T1374071109101,0,0,0,1,0,2,0,0,3
T1374072103100,0,1,0,1,0,2,0,0,4
T1374101704100,0,1,0,1,0,1,0,0,3
T1392072203800,0,1,0,0,0,0,0,0,1
T1398072203800,0,0,0,1,0,1,0,0,2
T1398073603100,0,1,0,0,0,1,0,0,2
T1414171105700,0,1,0,0,0,0,0,0,1
T1414171704700,0,0,0,0,0,0,0,0,0
T1414173705100,0,1,0,2,0,1,0,0,4
T1418071104100,0,0,0,1,0,0,0,0,1
T1418073705100,0,1,0,0,0,1,0,0,2
T1432101101101,0,1,0,0,0,0,0,0,1
T1432103302100,0,1,0,0,0,0,0,0,1
T1432103333100,0,1,0,1,0,2,0,0,4
T1434101101101,0,1,0,1,0,1,0,0,3
T1434101104100,0,1,0,1,0,1,0,0,3
T1434103302100,0,1,0,1,0,1,0,0,3
T1434103309100,0,1,0,1,0,0,0,0,2
T1494171105100,0,0,0,1,0,0,0,0,1
T1534204405100,0,0,0,1,0,0,0,0,1
T35921433,0,1,0,0,0,0,0,0,1
T58121531,0,1,0,0,0,0,0,0,1
T1374071105101,0,1,0,0,0,0,0,0,1
T0942102211100,0,0,0,0,0,0,0,0,0
T0942101112100,0,0,0,1,0,1,0,0,2
T0942103311101,0,0,0,1,0,1,0,0,2
T0073091111300,0,0,0,1,0,0,0,0,1
T1122103311100,0,0,0,1,0,1,0,0,2
T1122101104600,0,0,0,1,0,1,0,0,2
T1122103345600,0,0,0,0,0,1,0,0,1
T1204071705100,0,0,0,0,0,1,0,0,1
T1204073705100,0,0,0,0,0,1,0,0,1
T1204073704100,0,1,0,0,0,0,0,0,1
T1204171704100,0,0,0,1,0,1,0,0,2
T1204173705100,0,1,0,1,0,1,0,0,3
T1204171104101,0,1,0,1,0,1,0,0,3
T1154173705100,0,1,0,0,0,0,0,0,1
T1154272703100,0,0,0,0,0,1,0,0,1
T1154273705101,0,0,0,0,0,1,0,0,1
T1166171105701,0,1,0,1,0,1,0,0,3
T1166173605701,0,0,0,0,0,0,0,0,0
T1256171105100,0,0,0,1,0,1,0,0,2
T1144171104700,0,0,0,1,0,1,0,0,2
T1144171105700,0,0,0,1,0,1,0,0,2
T0636171605700,0,0,0,0,0,0,0,0,0
T0636173603700,0,1,0,0,0,2,0,0,3
T0636101603800,0,0,0,1,0,1,0,0,2
T0636101105700,0,0,0,0,0,1,0,0,1
T0636393603700,0,0,0,0,0,0,0,0,0
T0639073603800,0,0,0,0,0,1,0,0,1
T0639073606800,0,0,0,0,0,1,0,0,1
T0639072203801,0,0,0,0,0,0,0,0,0
T0064071603300,0,0,0,1,0,1,0,0,2
T0064072203300,0,0,0,1,0,1,0,0,2
T0062072203600,0,0,0,1,0,1,0,0,2
T0994071604800,0,0,0,0,0,0,0,0,0
T1019102206100,0,0,0,1,0,1,0,0,2
T1019102211600,0,0,0,1,0,1,0,0,2
T1019172215100,0,0,0,1,0,0,0,0,1
T1019173303100,0,0,0,0,0,1,0,0,1
T0356171605100,0,0,0,1,0,1,0,0,2
T0356171105100,0,0,0,1,0,1,0,0,2
T0354101103100,0,0,0,0,0,0,0,0,0
T1224101604300,0,0,0,0,0,1,0,0,1
T1274071104100,0,0,0,1,0,1,0,0,2
T1274071605101,0,0,0,0,0,1,0,0,1
T1294072203100,0,0,0,0,0,1,0,0,1
T1294101101300,0,1,0,1,0,1,0,0,3
T1294101105300,0,1,0,1,0,1,0,0,3
T1294101601300,0,1,0,1,0,1,0,0,3
T1294101605300,0,1,0,1,0,1,0,0,3
T1294102201300,0,1,0,1,0,1,0,0,3
T1292101101300,0,0,0,1,0,0,0,0,1
T1292101105300,0,1,0,1,0,1,0,0,3
T1320101111100,0,0,0,0,0,1,0,0,1
T0994072203801,0,0,0,0,0,1,0,0,1
T1184101627700,0,0,0,1,0,0,0,0,1
T0513101105100,0,0,0,1,0,0,0,0,1
T1166172204100,0,1,0,1,0,1,0,0,3
T1166172209100,0,1,0,1,0,1,0,0,3
T1016171104100,0,1,0,0,0,1,0,0,2
T1016171105100,0,0,0,0,0,0,0,0,0
T1016101104100,0,0,0,0,0,0,0,0,0
T1016101105100,0,1,0,0,0,0,0,0,1
T1204071109101,0,1,0,1,0,1,0,0,3
T1260102201301,0,0,0,1,0,1,0,0,2
T1374101103100,0,0,0,0,0,2,0,0,2
T1374101104100,0,0,0,0,0,1,0,0,1
T1374101105100,0,0,0,1,0,2,0,0,3
T1204071104103,0,0,0,0,0,1,0,0,1
T1274071109101,0,0,0,1,0,1,0,0,2
T1274104404100,0,0,0,0,0,1,0,0,1
T1374071104100,0,1,0,1,0,1,0,0,3
T1224171603300,0,0,0,0,0,0,0,0,0
T1222231103300,0,0,0,0,0,1,0,0,1
T1202101104100,0,0,0,1,0,1,0,0,2
T1202102105100,0,0,0,0,0,1,0,0,1
T1354173705101,0,0,0,1,0,0,0,0,1
T1374101109100,0,1,0,0,0,2,0,0,3
T1374101604100,0,0,0,1,0,1,0,0,2
T1374103302100,0,0,0,0,0,1,0,0,1
T1372101103100,0,1,0,1,0,1,0,0,3
T1372101108100,0,0,0,1,0,1,0,0,2
T1374071109100,0,1,0,1,0,2,0,0,4
T1166171606200,0,0,0,0,0,1,0,0,1
T1256171104100,0,0,0,1,0,1,0,0,2
T1274071104101,0,0,0,1,0,1,0,0,2
T1434101109100,0,2,0,1,0,2,0,0,5
T1434101604100,0,0,0,1,0,1,0,0,2
T1434103601100,0,0,0,1,0,1,0,0,2
T1432101101100,0,0,0,1,0,1,0,0,2
T1294102203100,0,0,0,1,0,1,0,0,2
T1294103626100,0,0,0,0,0,0,0,0,0
T1204171708101,0,0,0,1,0,1,0,0,2
T1202101105100,0,0,0,0,0,1,0,0,1
T1204101104100,0,0,0,1,0,1,0,0,2
T1204101105100,0,0,0,1,0,0,0,0,1
T1204102705100,0,0,0,1,0,1,0,0,2
T1414171701100,0,0,0,0,0,0,0,0,0
T1374101109101,0,1,0,1,0,0,0,0,2
T1414171104100,0,0,0,2,0,0,0,0,2
T1394071604100,0,0,0,0,0,0,0,0,0
T1398071104800,0,0,0,0,0,0,0,0,0
T1374101705100,0,1,0,1,0,0,0,0,2
T1374071135100,0,1,0,0,0,0,0,0,1
T1432101109100,0,1,0,0,0,0,0,0,1
T1432101104100,0,1,0,1,0,1,0,0,3
T1202102205100,0,1,0,1,0,0,0,0,2
T1204102205100,0,1,0,1,0,1,0,0,3
T1166173604200,0,1,0,1,0,1,0,0,3
T0064071103303,0,0,0,0,0,1,0,0,1
T1256173305101,0,1,0,1,0,2,0,0,4
T1372101109100,0,0,0,1,0,1,0,0,2
T1372071135100,0,0,0,1,0,0,0,0,1
T1504101105100,0,0,0,2,0,1,0,0,3
T1504101109100,0,0,0,0,0,4,0,0,4
T1504101603100,0,0,0,1,0,1,0,0,2
T1504102204100,0,0,0,1,0,3,0,0,4
T1502101104100,0,0,0,1,0,1,0,0,2
T1502101135100,0,0,0,1,0,1,0,0,2
T1502102103100,0,0,0,1,0,1,0,0,2
T1502103302100,0,0,0,1,0,1,0,0,2
T1494171104100,0,1,0,1,0,0,0,0,2
T1494172205100,0,1,0,1,0,2,0,0,4
T1274071135100,0,0,0,1,0,1,0,0,2
T1434101103300,0,0,0,1,0,1,0,0,2
T1434101603300,0,0,0,1,0,1,0,0,2
T1432101103300,0,0,0,1,0,1,0,0,2
T1534204705101,0,0,0,0,0,0,0,0,0
T1534204705102,0,0,0,0,0,1,0,0,1
T1534204705103,0,0,0,0,0,1,0,0,1
T1534204705104,0,0,0,1,0,0,0,0,1
T1534204705105,0,0,0,1,0,0,0,0,1
T1208071105100,0,1,0,1,0,0,0,0,2
T1374073305100,0,0,0,0,0,0,0,0,0
T1374271109100,0,0,0,0,0,1,0,0,1
T1372071109101,0,0,0,0,0,1,0,0,1
T1398361626100,0,0,0,0,0,0,0,0,0
T1398363644100,0,0,0,0,0,1,0,0,1
T1504171109100,0,1,0,0,0,0,0,0,1
T1504171135100,0,1,0,1,0,1,0,0,3
T1504172203100,0,1,0,1,0,1,0,0,3
T1504173303100,0,0,0,0,0,3,0,0,3
T1504171105100,0,1,0,0,0,0,0,0,1
T1208073305100,0,1,0,0,0,1,0,0,2
T1320071109100,0,0,0,0,0,1,0,0,1
T0073091611302,0,0,0,1,0,0,0,0,1
T02138571,0,0,0,1,0,0,0,0,1
T0421092212700,0,0,0,1,0,0,0,0,1
T60158113,0,0,0,1,0,0,0,0,1
T0173091112600,0,0,0,1,0,0,0,0,1
T60158132,0,0,0,1,0,0,0,0,1
T1208521105100,0,0,0,0,0,1,0,0,1
T1208521705100,0,0,0,0,0,1,0,0,1
T1208522205100,0,0,0,0,0,4,0,0,4
T852046756,0,0,0,0,0,1,0,0,1
T852046761,0,0,0,0,0,1,0,0,1
T852046771,0,0,0,0,0,1,0,0,1
T852046783,0,0,0,0,0,1,0,0,1
T852048150,0,0,0,1,0,0,0,0,1
T852048181,0,0,0,0,0,0,0,0,0
T852048227,0,0,0,1,0,0,0,0,1
T852048229,0,0,0,1,0,0,0,0,1
T852048185,0,0,0,0,0,0,0,0,0
DZ1624,0,0,0,0,0,1,0,0,1
DZ1691,0,0,0,0,0,1,0,0,1
DZ1949,4,0,0,0,0,2,0,0,6
DZ4317,0,0,0,0,0,0,0,0,0
DZ4504,0,0,0,0,0,0,0,0,0
DZ4527,0,0,0,0,0,1,0,0,1
DZ7221,0,0,0,0,0,1,0,0,1
DZ4581,0,0,0,0,0,0,0,0,0
DZ2194,0,0,0,0,0,0,0,0,0
DZ4318,0,0,0,0,0,0,0,0,0
DZ4329,0,0,0,0,0,0,0,0,0
DZ4644,0,0,0,0,0,0,0,0,0
DZ4317,0,0,0,0,0,0,0,0,0
DZ4504,0,0,0,0,0,0,0,0,0
DZ4581,0,0,0,0,0,0,0,0,0
DZ2194,0,0,0,0,0,0,0,0,0
DZ4318,0,0,0,0,0,0,0,0,0
DZ4329,0,0,0,0,0,0,0,0,0
DZ4644,0,0,0,0,0,0,0,0,0
DZ1579,0,0,0,0,0,1,0,0,1
DZ4437,0,0,0,0,0,1,0,0,1
DZ4439,0,0,0,0,0,1,0,0,1
DZ1965,0,0,0,0,0,0,0,0,0
DZ1982,0,0,0,0,0,0,0,0,0
DZ2186,0,0,0,0,0,0,0,0,0
DZ2203,0,0,0,0,0,0,0,0,0
DZ4308,0,0,0,0,0,0,0,0,0
DZ4475,0,0,0,0,0,0,0,0,0
DZ4500,0,0,0,0,0,0,0,0,0
DZ4548,0,0,0,0,0,0,0,0,0
DZ4590,0,0,0,0,0,0,0,0,0
DZ4627,0,0,0,0,0,0,0,0,0
DZ7395,0,0,0,0,0,0,0,0,0